-- --------------------------------------------------------
-- Host:                         127.0.0.1
-- Server version:               5.7.33 - MySQL Community Server (GPL)
-- Server OS:                    Win64
-- HeidiSQL Version:             11.3.0.6376
-- --------------------------------------------------------

/*!40101 SET @OLD_CHARACTER_SET_CLIENT=@@CHARACTER_SET_CLIENT */;
/*!40101 SET NAMES utf8 */;
/*!50503 SET NAMES utf8mb4 */;
/*!40103 SET @OLD_TIME_ZONE=@@TIME_ZONE */;
/*!40103 SET TIME_ZONE='+00:00' */;
/*!40014 SET @OLD_FOREIGN_KEY_CHECKS=@@FOREIGN_KEY_CHECKS, FOREIGN_KEY_CHECKS=0 */;
/*!40101 SET @OLD_SQL_MODE=@@SQL_MODE, SQL_MODE='NO_AUTO_VALUE_ON_ZERO' */;
/*!40111 SET @OLD_SQL_NOTES=@@SQL_NOTES, SQL_NOTES=0 */;


-- Dumping database structure for helloworld
CREATE DATABASE IF NOT EXISTS `helloworld` /*!40100 DEFAULT CHARACTER SET utf8mb4 COLLATE utf8mb4_unicode_ci */;
USE `helloworld`;

-- Dumping structure for table helloworld.admin
CREATE TABLE IF NOT EXISTS `admin` (
  `id` int(10) unsigned NOT NULL AUTO_INCREMENT,
  `email` varchar(64) COLLATE utf8mb4_unicode_ci NOT NULL,
  `password` varchar(256) COLLATE utf8mb4_unicode_ci NOT NULL,
  `login` varchar(32) COLLATE utf8mb4_unicode_ci NOT NULL,
  PRIMARY KEY (`id`)
) ENGINE=InnoDB AUTO_INCREMENT=2 DEFAULT CHARSET=utf8mb4 COLLATE=utf8mb4_unicode_ci;

-- Dumping data for table helloworld.admin: ~1 rows (approximately)
INSERT INTO `admin` (`id`, `email`, `password`, `login`) VALUES
	(1, '1@1', 'e0bc614e4fd035a488619799853b075143deea596c477b8dc077e309c0fe42e9', '1');

-- Dumping structure for table helloworld.blogcategories
CREATE TABLE IF NOT EXISTS `blogcategories` (
  `id` int(11) NOT NULL AUTO_INCREMENT,
  `post_id` int(11) DEFAULT NULL,
  `category_id` int(11) DEFAULT NULL,
  PRIMARY KEY (`id`),
  KEY `post_id` (`post_id`),
  KEY `category_id` (`category_id`),
  CONSTRAINT `blogcategories_ibfk_1` FOREIGN KEY (`post_id`) REFERENCES `blogposts` (`id`) ON UPDATE CASCADE,
  CONSTRAINT `blogcategories_ibfk_2` FOREIGN KEY (`category_id`) REFERENCES `categories` (`id`) ON UPDATE CASCADE
) ENGINE=InnoDB AUTO_INCREMENT=13 DEFAULT CHARSET=utf8mb4 COLLATE=utf8mb4_unicode_ci;

-- Dumping data for table helloworld.blogcategories: ~3 rows (approximately)
INSERT INTO `blogcategories` (`id`, `post_id`, `category_id`) VALUES
	(1, 1, 2),
	(11, 11, 1),
	(12, 12, 2);

-- Dumping structure for table helloworld.blogposts
CREATE TABLE IF NOT EXISTS `blogposts` (
  `id` int(11) NOT NULL AUTO_INCREMENT,
  `title` varchar(50) COLLATE utf8mb4_unicode_ci DEFAULT NULL,
  `slogan` varchar(450) COLLATE utf8mb4_unicode_ci NOT NULL,
  `publication_date` datetime DEFAULT NULL,
  `img_src` varchar(50) COLLATE utf8mb4_unicode_ci DEFAULT NULL,
  `img_alt` varchar(120) COLLATE utf8mb4_unicode_ci DEFAULT NULL,
  `slug` varchar(240) COLLATE utf8mb4_unicode_ci DEFAULT NULL,
  `content` mediumtext COLLATE utf8mb4_unicode_ci,
  `state` enum('created','published','archived') COLLATE utf8mb4_unicode_ci DEFAULT NULL,
  `author` int(11) DEFAULT NULL,
  PRIMARY KEY (`id`),
  KEY `author` (`author`),
  CONSTRAINT `author` FOREIGN KEY (`author`) REFERENCES `useracc` (`id`) ON DELETE NO ACTION ON UPDATE NO ACTION
) ENGINE=InnoDB AUTO_INCREMENT=13 DEFAULT CHARSET=utf8mb4 COLLATE=utf8mb4_unicode_ci;

-- Dumping data for table helloworld.blogposts: ~3 rows (approximately)
INSERT INTO `blogposts` (`id`, `title`, `slogan`, `publication_date`, `img_src`, `img_alt`, `slug`, `content`, `state`, `author`) VALUES
	(1, 'test', 'test', '2022-12-27 02:52:19', '/images/blog/1.jpg', '/', NULL, ' <p>test</p>', 'published', 1),
	(11, 'tesxftesd', 'stedsxfted', '2022-12-28 02:11:34', '/images/blog/11.jpg', '/', NULL, ' <p>tedsfrtsed</p>', 'published', 1),
	(12, 'test2', 'test2', '2022-12-28 02:44:38', '/images/blog/12.jpg', '', NULL, '<p>test2</p>', 'published', 1);

-- Dumping structure for table helloworld.cart
CREATE TABLE IF NOT EXISTS `cart` (
  `id` int(11) NOT NULL,
  `product_id` int(11) NOT NULL,
  `user_id` int(11) NOT NULL,
  PRIMARY KEY (`id`),
  KEY `productId` (`product_id`) USING BTREE,
  KEY `userId` (`user_id`) USING BTREE
) ENGINE=InnoDB DEFAULT CHARSET=utf8mb4 COLLATE=utf8mb4_unicode_ci;

-- Dumping data for table helloworld.cart: ~0 rows (approximately)

-- Dumping structure for table helloworld.categories
CREATE TABLE IF NOT EXISTS `categories` (
  `id` int(11) NOT NULL AUTO_INCREMENT,
  `category` varchar(120) COLLATE utf8mb4_unicode_ci NOT NULL,
  `posts_count` int(11) NOT NULL,
  PRIMARY KEY (`id`),
  UNIQUE KEY `category` (`category`)
) ENGINE=InnoDB AUTO_INCREMENT=3 DEFAULT CHARSET=utf8mb4 COLLATE=utf8mb4_unicode_ci;

-- Dumping data for table helloworld.categories: ~2 rows (approximately)
INSERT INTO `categories` (`id`, `category`, `posts_count`) VALUES
	(1, 'News', 10),
	(2, 'New tech', 1);

-- Dumping structure for table helloworld.comments
CREATE TABLE IF NOT EXISTS `comments` (
  `id` int(11) NOT NULL AUTO_INCREMENT,
  `post_id` int(11) DEFAULT NULL,
  `login` varchar(256) COLLATE utf8mb4_unicode_ci NOT NULL,
  `email` varchar(224) COLLATE utf8mb4_unicode_ci NOT NULL,
  `comment` varchar(2048) COLLATE utf8mb4_unicode_ci NOT NULL,
  `comment_date` datetime DEFAULT CURRENT_TIMESTAMP,
  `verified` tinyint(1) DEFAULT '0',
  `client_ip` varchar(50) COLLATE utf8mb4_unicode_ci DEFAULT NULL,
  `comment_id` int(11) DEFAULT NULL,
  `avatar` varchar(650) COLLATE utf8mb4_unicode_ci DEFAULT NULL,
  PRIMARY KEY (`id`),
  KEY `post_id` (`post_id`),
  KEY `comment_id` (`id`),
  CONSTRAINT `comments_ibfk_1` FOREIGN KEY (`post_id`) REFERENCES `blogposts` (`id`) ON UPDATE CASCADE
) ENGINE=InnoDB AUTO_INCREMENT=6 DEFAULT CHARSET=utf8mb4 COLLATE=utf8mb4_unicode_ci;

-- Dumping data for table helloworld.comments: ~5 rows (approximately)
INSERT INTO `comments` (`id`, `post_id`, `login`, `email`, `comment`, `comment_date`, `verified`, `client_ip`, `comment_id`, `avatar`) VALUES
	(1, 1, 'Testeste', 'tekityt@gmail.com', 'tewdsfcx5etrgfdvcrtgfvdc', '2023-01-07 14:43:25', 0, '127.0.0.1', NULL, ''),
	(2, 1, 'Testeste', 'tekityt@gmail.com', 'where could i buy it?', '2023-01-07 14:46:46', 0, '127.0.0.1', NULL, ''),
	(3, 1, 'Testeste', 'tekityt@gmail.com', 'tetetsd5trgfbvyhtgbfvyhtgbv', '2023-01-07 15:02:26', 0, '127.0.0.1', NULL, ''),
	(4, 1, 'Testeste', 'tekityt@gmail.com', 'hertherterhtherterth', '2023-01-07 15:02:44', 0, '127.0.0.1', NULL, ''),
	(5, 1, 'Testeste', 'tekityt@gmail.com', 'grehwgouhrugheurihg ipeurwg hiusfhgidshf gkj', '2023-01-07 15:05:07', 0, '127.0.0.1', 1, '');

-- Dumping structure for table helloworld.contactinfo
CREATE TABLE IF NOT EXISTS `contactinfo` (
  `id` int(11) NOT NULL AUTO_INCREMENT,
  `name` varchar(128) COLLATE utf8mb4_unicode_ci NOT NULL,
  `email` varchar(256) COLLATE utf8mb4_unicode_ci NOT NULL,
  `message` varchar(2048) COLLATE utf8mb4_unicode_ci NOT NULL,
  PRIMARY KEY (`id`)
) ENGINE=InnoDB AUTO_INCREMENT=14 DEFAULT CHARSET=utf8mb4 COLLATE=utf8mb4_unicode_ci;

-- Dumping data for table helloworld.contactinfo: ~2 rows (approximately)
INSERT INTO `contactinfo` (`id`, `name`, `email`, `message`) VALUES
	(12, 'Test', 'test@test.com', 'Tests : testtestestestesteesteestt test/'),
	(13, 'tekit', 'tekit', 'Testing : testing like a part of life');

-- Dumping structure for table helloworld.navpanel
CREATE TABLE IF NOT EXISTS `navpanel` (
  `Id` int(10) unsigned NOT NULL AUTO_INCREMENT,
  `title` varchar(32) COLLATE utf8mb4_unicode_ci NOT NULL,
  `href` varchar(256) COLLATE utf8mb4_unicode_ci NOT NULL DEFAULT '#',
  `order_id` int(10) unsigned DEFAULT NULL,
  `parent_id` int(10) unsigned DEFAULT NULL,
  PRIMARY KEY (`Id`),
  KEY `parent_id` (`parent_id`),
  CONSTRAINT `navpanel_ibfk_1` FOREIGN KEY (`parent_id`) REFERENCES `navpanel` (`Id`)
) ENGINE=InnoDB AUTO_INCREMENT=15 DEFAULT CHARSET=utf8mb4 COLLATE=utf8mb4_unicode_ci;

-- Dumping data for table helloworld.navpanel: ~9 rows (approximately)
INSERT INTO `navpanel` (`Id`, `title`, `href`, `order_id`, `parent_id`) VALUES
	(1, 'HOME', '/', 1, NULL),
	(2, 'PAGES', '/pages', 2, NULL),
	(3, 'About', '/pages/about', 3, 2),
	(6, 'Shop', '', 4, NULL),
	(7, 'BLOG', '/blog/?count=3', 5, NULL),
	(8, 'CONTACT', '/contact', 6, NULL),
	(12, 'Testimonial', '/pages/testimonial', 7, 2),
	(13, 'Favorites', '/products/favorites', 8, 6),
	(14, 'Products', '/products/', 9, 6);

-- Dumping structure for table helloworld.options
CREATE TABLE IF NOT EXISTS `options` (
  `id` int(11) NOT NULL AUTO_INCREMENT,
  `name` varchar(32) COLLATE utf8mb4_unicode_ci NOT NULL,
  `value` varchar(256) COLLATE utf8mb4_unicode_ci NOT NULL,
  `group` varchar(64) COLLATE utf8mb4_unicode_ci DEFAULT NULL,
  PRIMARY KEY (`id`),
  UNIQUE KEY `name` (`name`)
) ENGINE=InnoDB AUTO_INCREMENT=29 DEFAULT CHARSET=utf8mb4 COLLATE=utf8mb4_unicode_ci;

-- Dumping data for table helloworld.options: ~17 rows (approximately)
INSERT INTO `options` (`id`, `name`, `value`, `group`) VALUES
	(1, 'lang', 'Ru', 'NULL'),
	(3, 'author', 'Strudel', 'NULL'),
	(5, 'vk', 'https://vk.com/', 'social_links'),
	(7, 'facebook', 'https://facebook.com/', 'social_links'),
	(8, 'logo', 'images/logo.png', 'header'),
	(11, 'about-href', '/about', 'header-href'),
	(13, 'testimonial-href', '/testimonial', 'header-href'),
	(15, 'contact-href', '/contact', 'header-href'),
	(16, 'products-href', '/products', 'header-href'),
	(18, 'blog-href', '/blog', 'header-href'),
	(19, 'address', '245 idk, Street Name Poltava City, Ukraine', 'contact-info'),
	(20, 'tel', '+380880055535', 'contact-info'),
	(21, 'email', 'psyhelp@gmail.com', 'contact-info'),
	(22, '123', ' 1233', '123'),
	(25, 'login', 'tekit', 'NONE'),
	(26, 'test', ' test', 'test'),
	(28, 'test2', ' test2', 'test');

-- Dumping structure for table helloworld.posttags
CREATE TABLE IF NOT EXISTS `posttags` (
  `id` int(11) NOT NULL AUTO_INCREMENT,
  `post_id` int(11) DEFAULT NULL,
  `tag_id` int(11) DEFAULT NULL,
  PRIMARY KEY (`id`),
  KEY `post_id` (`post_id`),
  KEY `FK_posttags_tags` (`tag_id`),
  CONSTRAINT `FK_posttags_tags` FOREIGN KEY (`tag_id`) REFERENCES `tags` (`id`) ON UPDATE CASCADE,
  CONSTRAINT `posttags_ibfk_1` FOREIGN KEY (`post_id`) REFERENCES `blogposts` (`id`) ON UPDATE CASCADE
) ENGINE=InnoDB AUTO_INCREMENT=25 DEFAULT CHARSET=utf8mb4 COLLATE=utf8mb4_unicode_ci;

-- Dumping data for table helloworld.posttags: ~7 rows (approximately)
INSERT INTO `posttags` (`id`, `post_id`, `tag_id`) VALUES
	(16, 11, 3),
	(17, 11, 4),
	(18, 11, 1),
	(19, 12, 4),
	(20, 12, 3),
	(23, 1, 3),
	(24, 1, 4);

-- Dumping structure for table helloworld.products
CREATE TABLE IF NOT EXISTS `products` (
  `id` int(11) NOT NULL AUTO_INCREMENT,
  `name` varchar(120) COLLATE utf8mb4_unicode_ci NOT NULL,
  `img_src` varchar(1024) COLLATE utf8mb4_unicode_ci NOT NULL,
  `img_alt` varchar(1024) COLLATE utf8mb4_unicode_ci NOT NULL,
  `price` int(11) NOT NULL,
  `content` text COLLATE utf8mb4_unicode_ci,
  PRIMARY KEY (`id`),
  UNIQUE KEY `name` (`name`)
) ENGINE=InnoDB AUTO_INCREMENT=18 DEFAULT CHARSET=utf8mb4 COLLATE=utf8mb4_unicode_ci;

-- Dumping data for table helloworld.products: ~12 rows (approximately)
INSERT INTO `products` (`id`, `name`, `img_src`, `img_alt`, `price`, `content`) VALUES
	(6, 'GIGABYTE GeForce RTX 4090', '/images/products/6.jpg', '/', 2249, '                      <div id="productOverview_feature_div" class="celwidget" data-feature-name="productOverview" data-csa-c-type="widget" data-csa-c-content-id="productOverview" data-csa-c-slot-id="productOverview_feature_div" data-csa-c-asin="B0BGP8FGNZ" data-csa-c-is-in-initial-active-row="false" data-csa-c-id="z5bc31-lbtd44-rnx0o3-422qth" data-cel-widget="productOverview_feature_div" style="color: rgb(15, 17, 17); font-family: "Amazon Ember", Arial, sans-serif; font-size: 14px;"><div class="a-section a-spacing-small a-spacing-top-small" style="margin-bottom: 0px; margin-top: 8px !important;"><table class="a-normal a-spacing-micro" style="width: 440.047px; margin-bottom: 4px !important;"><tbody><tr class="a-spacing-small po-graphics_coprocessor" style="margin-bottom: 8px !important;"><td class="a-span3" style="vertical-align: top; padding: 0px 3px 3px 0px; margin-right: 0px; width: 115.203px; float: none !important;"><span class="a-size-base a-text-bold" style="font-weight: 700 !important; line-height: 20px !important;">Graphics Coprocessor</span></td><td class="a-span9" style="vertical-align: top; padding: 0px 0px 3px 3px; margin-right: 0px; width: 324.844px; float: none !important;"><span class="a-size-base" style="line-height: 20px !important;">NVIDIA GeForce RTX 4090</span></td></tr><tr class="a-spacing-small po-brand" style="margin-bottom: 8px !important;"><td class="a-span3" style="vertical-align: top; padding: 3px 3px 3px 0px; margin-right: 0px; width: 115.203px; float: none !important;"><span class="a-size-base a-text-bold" style="font-weight: 700 !important; line-height: 20px !important;">Brand</span></td><td class="a-span9" style="vertical-align: top; padding: 3px 0px 3px 3px; margin-right: 0px; width: 324.844px; float: none !important;"><span class="a-size-base" style="line-height: 20px !important;">Gigabyte</span></td></tr><tr class="a-spacing-small po-graphics_ram.size" style="margin-bottom: 8px !important;"><td class="a-span3" style="vertical-align: top; padding: 3px 3px 3px 0px; margin-right: 0px; width: 115.203px; float: none !important;"><span class="a-size-base a-text-bold" style="font-weight: 700 !important; line-height: 20px !important;">Graphics Ram Size</span></td><td class="a-span9" style="vertical-align: top; padding: 3px 0px 3px 3px; margin-right: 0px; width: 324.844px; float: none !important;"><span class="a-size-base" style="line-height: 20px !important;">24 GB</span></td></tr><tr class="a-spacing-small po-graphics_processor_manufacturer" style="margin-bottom: 8px !important;"><td class="a-span3" style="vertical-align: top; padding: 3px 3px 3px 0px; margin-right: 0px; width: 115.203px; float: none !important;"><span class="a-size-base a-text-bold" style="font-weight: 700 !important; line-height: 20px !important;">Chipset Brand</span></td><td class="a-span9" style="vertical-align: top; padding: 3px 0px 3px 3px; margin-right: 0px; width: 324.844px; float: none !important;"><span class="a-size-base" style="line-height: 20px !important;">NVIDIA</span></td></tr><tr class="a-spacing-small po-graphics_ram.type" style="margin-bottom: 8px !important;"><td class="a-span3" style="vertical-align: top; padding: 3px 3px 0px 0px; margin-right: 0px; width: 115.203px; float: none !important;"><span class="a-size-base a-text-bold" style="font-weight: 700 !important; line-height: 20px !important;">Graphics RAM Type</span></td><td class="a-span9" style="vertical-align: top; padding: 3px 0px 0px 3px; margin-right: 0px; width: 324.844px; float: none !important;"><span class="a-size-base" style="line-height: 20px !important;">GDDR6X</span></td></tr></tbody></table></div></div><div id="featurebullets_feature_div" class="celwidget" data-feature-name="featurebullets" data-csa-c-type="widget" data-csa-c-content-id="featurebullets" data-csa-c-slot-id="featurebullets_feature_div" data-csa-c-asin="B0BGP8FGNZ" data-csa-c-is-in-initial-active-row="false" data-csa-c-id="z7f38-jca0sz-hq0xdh-9h9pkg" data-cel-widget="featurebullets_feature_div" style="color: rgb(15, 17, 17); font-family: "Amazon Ember", Arial, sans-serif; font-size: 14px;"><div id="feature-bullets" class="a-section a-spacing-medium a-spacing-top-small" style="margin-bottom: 0px; margin-top: 8px !important;"><hr style="box-sizing: border-box; background-color: transparent; border-top-color: rgb(231, 231, 231); height: 1px; line-height: 19px; margin-bottom: 14px; margin-top: 0px;"><h1 class="a-size-base-plus a-text-bold" style="padding: 0px 0px 4px; margin-right: 0px; margin-bottom: 0px; margin-left: 0px; text-rendering: optimizelegibility; font-weight: 700 !important; font-size: 16px !important; line-height: 24px !important;">About this item</h1><ul class="a-unordered-list a-vertical a-spacing-mini" style="margin-right: 0px; margin-bottom: 0px; margin-left: 18px; padding: 0px;"><li style="list-style: disc; overflow-wrap: break-word; margin: 0px;"><span class="a-list-item">NVIDIA Ada Lovelace Streaming Multiprocessors: Up to 2x performance and power efficiency</span></li><li style="list-style: disc; overflow-wrap: break-word; margin: 0px;"><span class="a-list-item">4th Generation Tensor Cores: Up to 2x AI performance</span></li><li style="list-style: disc; overflow-wrap: break-word; margin: 0px;"><span class="a-list-item">3rd Generation RT Cores: Up to 2x ray tracing performance</span></li><li style="list-style: disc; overflow-wrap: break-word; margin: 0px;"><span class="a-list-item">Integrated with 24GB GDDR6X 384-bit memory interface</span></li><li style="list-style: disc; overflow-wrap: break-word; margin: 0px;"><span class="a-list-item">WINDFORCE cooling system, RGB Fusion, Dual BIOS</span></li><li style="list-style: disc; overflow-wrap: break-word; margin: 0px;"><span class="a-list-item">Protection metal back plate, Anti-sag bracket</span></li></ul></div></div><div id="provenanceCertifications_feature_div" class="celwidget" data-feature-name="provenanceCertifications" data-csa-c-type="widget" data-csa-c-content-id="provenanceCertifications" data-csa-c-slot-id="provenanceCertifications_feature_div" data-csa-c-asin="B0BGP8FGNZ" data-csa-c-is-in-initial-active-row="false" data-csa-c-id="okng50-iiaelt-jc5mww-lhlnje" data-cel-widget="provenanceCertifications_feature_div" style="color: rgb(15, 17, 17); font-family: "Amazon Ember", Arial, sans-serif; font-size: 14px;"></div><div id="serviceCapabilities_feature_div" class="celwidget" data-feature-name="serviceCapabilities" data-csa-c-type="widget" data-csa-c-content-id="serviceCapabilities" data-csa-c-slot-id="serviceCapabilities_feature_div" data-csa-c-asin="B0BGP8FGNZ" data-csa-c-is-in-initial-active-row="false" data-csa-c-id="nonb98-2oiiu6-m197oo-fkp62l" data-cel-widget="serviceCapabilities_feature_div" style="color: rgb(15, 17, 17); font-family: "Amazon Ember", Arial, sans-serif; font-size: 14px;"><div id="vas-service-capabilities" class="a-section a-spacing-none a-spacing-top-micro" style="margin-bottom: 0px; padding-top: 4px; max-width: 23rem; margin-top: 0px !important;"></div></div><div id="globalStoreInfoBullets_feature_div" class="celwidget" data-feature-name="globalStoreInfoBullets" data-csa-c-type="widget" data-csa-c-content-id="globalStoreInfoBullets" data-csa-c-slot-id="globalStoreInfoBullets_feature_div" data-csa-c-asin="B0BGP8FGNZ" data-csa-c-is-in-initial-active-row="false" data-csa-c-id="as8h9a-qcmutb-cwil3o-65a71x" data-cel-widget="globalStoreInfoBullets_feature_div" style="color: rgb(15, 17, 17); font-family: "Amazon Ember", Arial, sans-serif; font-size: 14px;"></div><div id="vendorPoweredCoupon_feature_div" class="celwidget" data-feature-name="vendorPoweredCoupon" data-csa-c-type="widget" data-csa-c-content-id="vendorPoweredCoupon" data-csa-c-slot-id="vendorPoweredCoupon_feature_div" data-csa-c-asin="B0BGP8FGNZ" data-csa-c-is-in-initial-active-row="false" data-csa-c-id="5i5lxy-8hmymh-b3zmi-3cbjyy" data-cel-widget="vendorPoweredCoupon_feature_div" style="color: rgb(15, 17, 17); font-family: "Amazon Ember", Arial, sans-serif; font-size: 14px;"></div><div id="addOnItem_feature_div" class="celwidget" data-feature-name="addOnItem" data-csa-c-type="widget" data-csa-c-content-id="addOnItem" data-csa-c-slot-id="addOnItem_feature_div" data-csa-c-asin="B0BGP8FGNZ" data-csa-c-is-in-initial-active-row="false" data-csa-c-id="9n42u9-k34c0d-hqea8n-is3w61" data-cel-widget="addOnItem_feature_div" style="color: rgb(15, 17, 17); font-family: "Amazon Ember", Arial, sans-serif; font-size: 14px;"></div><div id="giftcard-holiday-availability-messaging_feature_div" class="celwidget" data-feature-name="giftCardHolidayAvailabilityMessaging" data-csa-c-type="widget" data-csa-c-content-id="giftCardHolidayAvailabilityMessaging" data-csa-c-slot-id="giftcard-holiday-availability-messaging_feature_div" data-csa-c-asin="B0BGP8FGNZ" data-csa-c-is-in-initial-active-row="false" data-csa-c-id="4ibglz-b26fq1-fsxrky-8908hx" data-cel-widget="giftcard-holiday-availability-messaging_feature_div" style="color: rgb(15, 17, 17); font-family: "Amazon Ember", Arial, sans-serif; font-size: 14px;"></div><div id="andonCord_feature_div" class="celwidget" data-feature-name="andonCord" data-csa-c-type="widget" data-csa-c-content-id="andonCord" data-csa-c-slot-id="andonCord_feature_div" data-csa-c-asin="B0BGP8FGNZ" data-csa-c-is-in-initial-active-row="false" data-csa-c-id="1s9ak9-ecq9g2-ppuhws-dimqte" data-cel-widget="andonCord_feature_div" style="color: rgb(15, 17, 17); font-family: "Amazon Ember", Arial, sans-serif; font-size: 14px;"></div><div id="olp_feature_div" class="celwidget" data-feature-name="olp" data-csa-c-type="widget" data-csa-c-content-id="olp" data-csa-c-slot-id="olp_feature_div" data-csa-c-asin="B0BGP8FGNZ" data-csa-c-is-in-initial-active-row="false" data-csa-c-id="pv0jvj-ir6m3f-4ny0h0-cq065" data-cel-widget="olp_feature_div" style="color: rgb(15, 17, 17); font-family: "Amazon Ember", Arial, sans-serif; font-size: 14px;"><div id="all-offers-display" class="a-section" style="margin: 0px; position: fixed; right: -620px; width: 602px; bottom: 0px; z-index: 290; background-color: rgb(249, 251, 251); border-width: 0px; top: 0px; box-shadow: rgba(0, 0, 0, 0.25) -4px 0px 5px; text-align: initial; font-size: 13px; color: rgb(17, 17, 17); overflow: visible !important;"></div><span class="a-declarative" data-action="close-all-offers-display" data-csa-c-type="widget" data-csa-c-func-deps="aui-da-close-all-offers-display" data-close-all-offers-display="{}" data-csa-c-id="ersbsc-qfyxxs-2rrgeh-60tx1h"></span></div><div id="edpIngress_feature_div" class="celwidget" data-feature-name="edpIngress" data-csa-c-type="widget" data-csa-c-content-id="edpIngress" data-csa-c-slot-id="edpIngress_feature_div" data-csa-c-asin="B0BGP8FGNZ" data-csa-c-is-in-initial-active-row="false" data-csa-c-id="jsacof-7m4ac2-ja3syh-annvn6" data-cel-widget="edpIngress_feature_div" style="color: rgb(15, 17, 17); font-family: "Amazon Ember", Arial, sans-serif; font-size: 14px;"></div><div id="recommendations_feature_div" class="celwidget" data-feature-name="recommendations" data-csa-c-type="widget" data-csa-c-content-id="recommendations" data-csa-c-slot-id="recommendations_feature_div" data-csa-c-asin="B0BGP8FGNZ" data-csa-c-is-in-initial-active-row="false" data-csa-c-id="zg1lmw-v0cz9-xyx0qb-i18lfw" data-cel-widget="recommendations_feature_div" style="color: rgb(15, 17, 17); font-family: "Amazon Ember", Arial, sans-serif; font-size: 14px;"></div><div id="productAlert_feature_div" class="celwidget" data-feature-name="productAlert" data-csa-c-type="widget" data-csa-c-content-id="productAlert" data-csa-c-slot-id="productAlert_feature_div" data-csa-c-asin="B0BGP8FGNZ" data-csa-c-is-in-initial-active-row="false" data-csa-c-id="nni49s-p18sdd-qkwa5a-k755rb" data-cel-widget="productAlert_feature_div" style="display: table; color: rgb(15, 17, 17); font-family: "Amazon Ember", Arial, sans-serif; font-size: 14px;"><div id="universal-product-alert"><div class="a-section a-spacing-medium" style="margin-bottom: 0px;"><span class="a-text-bold" style="font-weight: 700 !important;">Note</span>: Products with electrical plugs are designed for use in the US. Outlets and voltage differ internationally and this product may require an adapter or converter for use in your destination. Please check compatibility before purchasing.</div></div></div>'),
	(7, 'NVIDIA GeForce RTX 3090', '/images/products/7.jpg', '/', 1430, ' <div id="productOverview_feature_div" class="celwidget" data-feature-name="productOverview" data-csa-c-type="widget" data-csa-c-content-id="productOverview" data-csa-c-slot-id="productOverview_feature_div" data-csa-c-asin="B08HJGNJ81" data-csa-c-is-in-initial-active-row="false" data-csa-c-id="mi8a31-vpv6ta-yioxtt-xp3chc" data-cel-widget="productOverview_feature_div" style="color: rgb(15, 17, 17); font-family: "Amazon Ember", Arial, sans-serif; font-size: 14px;"><div class="a-section a-spacing-small a-spacing-top-small" style="margin-bottom: 0px; margin-top: 8px !important;"><table class="a-normal a-spacing-micro" style="width: 440.047px; margin-bottom: 4px !important;"><tbody><tr class="a-spacing-small po-graphics_coprocessor" style="margin-bottom: 8px !important;"><td class="a-span3" style="vertical-align: top; padding: 0px 3px 3px 0px; margin-right: 0px; width: 115.203px; float: none !important;"><span class="a-size-base a-text-bold" style="font-weight: 700 !important; line-height: 20px !important;">Graphics Coprocessor</span></td><td class="a-span9" style="vertical-align: top; padding: 0px 0px 3px 3px; margin-right: 0px; width: 324.844px; float: none !important;"><span class="a-size-base" style="line-height: 20px !important;">NVIDIA GeForce RTX 3090</span></td></tr><tr class="a-spacing-small po-brand" style="margin-bottom: 8px !important;"><td class="a-span3" style="vertical-align: top; padding: 3px 3px 3px 0px; margin-right: 0px; width: 115.203px; float: none !important;"><span class="a-size-base a-text-bold" style="font-weight: 700 !important; line-height: 20px !important;">Brand</span></td><td class="a-span9" style="vertical-align: top; padding: 3px 0px 3px 3px; margin-right: 0px; width: 324.844px; float: none !important;"><span class="a-size-base" style="line-height: 20px !important;">ASUS</span></td></tr><tr class="a-spacing-small po-graphics_ram.size" style="margin-bottom: 8px !important;"><td class="a-span3" style="vertical-align: top; padding: 3px 3px 3px 0px; margin-right: 0px; width: 115.203px; float: none !important;"><span class="a-size-base a-text-bold" style="font-weight: 700 !important; line-height: 20px !important;">Graphics Ram Size</span></td><td class="a-span9" style="vertical-align: top; padding: 3px 0px 3px 3px; margin-right: 0px; width: 324.844px; float: none !important;"><span class="a-size-base" style="line-height: 20px !important;">24 GB</span></td></tr><tr class="a-spacing-small po-gpu_clock_speed" style="margin-bottom: 8px !important;"><td class="a-span3" style="vertical-align: top; padding: 3px 3px 3px 0px; margin-right: 0px; width: 115.203px; float: none !important;"><span class="a-size-base a-text-bold" style="font-weight: 700 !important; line-height: 20px !important;">GPU Clock Speed</span></td><td class="a-span9" style="vertical-align: top; padding: 3px 0px 3px 3px; margin-right: 0px; width: 324.844px; float: none !important;"><span class="a-size-base" style="line-height: 20px !important;">177 MHz</span></td></tr><tr class="a-spacing-small po-video_output_interface" style="margin-bottom: 8px !important;"><td class="a-span3" style="vertical-align: top; padding: 3px 3px 0px 0px; margin-right: 0px; width: 115.203px; float: none !important;"><span class="a-size-base a-text-bold" style="font-weight: 700 !important; line-height: 20px !important;">Video Output Interface</span></td><td class="a-span9" style="vertical-align: top; padding: 3px 0px 0px 3px; margin-right: 0px; width: 324.844px; float: none !important;"><span class="a-size-base" style="line-height: 20px !important;">DisplayPort, HDMI</span></td></tr></tbody></table></div></div><div id="featurebullets_feature_div" class="celwidget" data-feature-name="featurebullets" data-csa-c-type="widget" data-csa-c-content-id="featurebullets" data-csa-c-slot-id="featurebullets_feature_div" data-csa-c-asin="B08HJGNJ81" data-csa-c-is-in-initial-active-row="false" data-csa-c-id="idpdv5-tsxfmp-hi6q51-xm30pm" data-cel-widget="featurebullets_feature_div" style="color: rgb(15, 17, 17); font-family: "Amazon Ember", Arial, sans-serif; font-size: 14px;"><div id="feature-bullets" class="a-section a-spacing-medium a-spacing-top-small" style="margin-bottom: 0px; margin-top: 8px !important;"><hr style="box-sizing: border-box; background-color: transparent; border-top-color: rgb(231, 231, 231); height: 1px; line-height: 19px; margin-bottom: 14px; margin-top: 0px;"><h1 class="a-size-base-plus a-text-bold" style="padding: 0px 0px 4px; margin-right: 0px; margin-bottom: 0px; margin-left: 0px; text-rendering: optimizelegibility; font-weight: 700 !important; font-size: 16px !important; line-height: 24px !important;">About this item</h1><ul class="a-unordered-list a-vertical a-spacing-mini" style="margin-right: 0px; margin-bottom: 0px; margin-left: 18px; padding: 0px;"><li style="list-style: disc; overflow-wrap: break-word; margin: 0px;"><span class="a-list-item">Memory Speed:24 Gbps.Digital Max Resolution:7680 x 4320</span></li><li style="list-style: disc; overflow-wrap: break-word; margin: 0px;"><span class="a-list-item">NVIDIA Ampere Streaming Multiprocessors: The building blocks for the world’s fastest, most efficient GPU, the all-new Ampere SM brings 2X the FP32 throughput and improved power efficiency.</span></li><li style="list-style: disc; overflow-wrap: break-word; margin: 0px;"><span class="a-list-item">2nd Generation RT Cores: Experience 2X the throughput of 1st gen RT Cores, plus concurrent RT and shading for a whole new level of ray tracing performance.</span></li><li style="list-style: disc; overflow-wrap: break-word; margin: 0px;"><span class="a-list-item">3rd Generation Tensor Cores: Get up to 2X the throughput with structural sparsity and advanced AI algorithms such as DLSS. Now with support for up to 8K resolution, these cores deliver a massive boost in game performance and all-new AI capabilities.</span></li><li style="list-style: disc; overflow-wrap: break-word; margin: 0px;"><span class="a-list-item">Axial-Tech Fan Design has been newly tuned with a reversed central fan direction for less turbulence.</span></li><li style="list-style: disc; overflow-wrap: break-word; margin: 0px;"><span class="a-list-item">Military-grade Capacitors and other TUF components enhance durability and performance.</span></li><li style="list-style: disc; overflow-wrap: break-word; margin: 0px;"><span class="a-list-item">Dual Ball Fan Bearings can last up to twice as long as sleeve bearing designs.</span></li><li style="list-style: disc; overflow-wrap: break-word; margin: 0px;"><span class="a-list-item">GPU Tweak II provides intuitive performance tweaking, thermal controls, and system monitoring.</span></li></ul></div></div><div id="provenanceCertifications_feature_div" class="celwidget" data-feature-name="provenanceCertifications" data-csa-c-type="widget" data-csa-c-content-id="provenanceCertifications" data-csa-c-slot-id="provenanceCertifications_feature_div" data-csa-c-asin="B08HJGNJ81" data-csa-c-is-in-initial-active-row="false" data-csa-c-id="73zghs-k0qs0g-c9vpbx-381kps" data-cel-widget="provenanceCertifications_feature_div" style="color: rgb(15, 17, 17); font-family: "Amazon Ember", Arial, sans-serif; font-size: 14px;"></div><div id="serviceCapabilities_feature_div" class="celwidget" data-feature-name="serviceCapabilities" data-csa-c-type="widget" data-csa-c-content-id="serviceCapabilities" data-csa-c-slot-id="serviceCapabilities_feature_div" data-csa-c-asin="B08HJGNJ81" data-csa-c-is-in-initial-active-row="false" data-csa-c-id="m9jnyo-udj97x-ly1bl2-olxjpl" data-cel-widget="serviceCapabilities_feature_div" style="color: rgb(15, 17, 17); font-family: "Amazon Ember", Arial, sans-serif; font-size: 14px;"><div id="vas-service-capabilities" class="a-section a-spacing-none a-spacing-top-micro" style="margin-bottom: 0px; padding-top: 4px; max-width: 23rem; margin-top: 0px !important;"></div></div><div id="globalStoreInfoBullets_feature_div" class="celwidget" data-feature-name="globalStoreInfoBullets" data-csa-c-type="widget" data-csa-c-content-id="globalStoreInfoBullets" data-csa-c-slot-id="globalStoreInfoBullets_feature_div" data-csa-c-asin="B08HJGNJ81" data-csa-c-is-in-initial-active-row="false" data-csa-c-id="a38xp5-p964kv-6lxdta-8q9oyx" data-cel-widget="globalStoreInfoBullets_feature_div" style="color: rgb(15, 17, 17); font-family: "Amazon Ember", Arial, sans-serif; font-size: 14px;"></div><div id="vendorPoweredCoupon_feature_div" class="celwidget" data-feature-name="vendorPoweredCoupon" data-csa-c-type="widget" data-csa-c-content-id="vendorPoweredCoupon" data-csa-c-slot-id="vendorPoweredCoupon_feature_div" data-csa-c-asin="B08HJGNJ81" data-csa-c-is-in-initial-active-row="false" data-csa-c-id="enwkna-8rsejd-2jbyd9-xr3obj" data-cel-widget="vendorPoweredCoupon_feature_div" style="color: rgb(15, 17, 17); font-family: "Amazon Ember", Arial, sans-serif; font-size: 14px;"></div><div id="addOnItem_feature_div" class="celwidget" data-feature-name="addOnItem" data-csa-c-type="widget" data-csa-c-content-id="addOnItem" data-csa-c-slot-id="addOnItem_feature_div" data-csa-c-asin="B08HJGNJ81" data-csa-c-is-in-initial-active-row="false" data-csa-c-id="v0zl8g-ruqw2t-508coj-76rxnk" data-cel-widget="addOnItem_feature_div" style="color: rgb(15, 17, 17); font-family: "Amazon Ember", Arial, sans-serif; font-size: 14px;"></div><div id="giftcard-holiday-availability-messaging_feature_div" class="celwidget" data-feature-name="giftCardHolidayAvailabilityMessaging" data-csa-c-type="widget" data-csa-c-content-id="giftCardHolidayAvailabilityMessaging" data-csa-c-slot-id="giftcard-holiday-availability-messaging_feature_div" data-csa-c-asin="B08HJGNJ81" data-csa-c-is-in-initial-active-row="false" data-csa-c-id="llp5sc-hdxtjo-z5amn1-63fwib" data-cel-widget="giftcard-holiday-availability-messaging_feature_div" style="color: rgb(15, 17, 17); font-family: "Amazon Ember", Arial, sans-serif; font-size: 14px;"></div><div id="andonCord_feature_div" class="celwidget" data-feature-name="andonCord" data-csa-c-type="widget" data-csa-c-content-id="andonCord" data-csa-c-slot-id="andonCord_feature_div" data-csa-c-asin="B08HJGNJ81" data-csa-c-is-in-initial-active-row="false" data-csa-c-id="2jv4u5-tw7pxs-lth607-h7lqgl" data-cel-widget="andonCord_feature_div" style="color: rgb(15, 17, 17); font-family: "Amazon Ember", Arial, sans-serif; font-size: 14px;"></div><div id="olp_feature_div" class="celwidget" data-feature-name="olp" data-csa-c-type="widget" data-csa-c-content-id="olp" data-csa-c-slot-id="olp_feature_div" data-csa-c-asin="B08HJGNJ81" data-csa-c-is-in-initial-active-row="false" data-csa-c-id="90l7dt-91m35r-uqkfs-brwdm3" data-cel-widget="olp_feature_div" style="color: rgb(15, 17, 17); font-family: "Amazon Ember", Arial, sans-serif; font-size: 14px;"><div id="all-offers-display" class="a-section" style="margin: 0px; position: fixed; right: -620px; width: 602px; bottom: 0px; z-index: 290; background-color: rgb(249, 251, 251); border-width: 0px; top: 0px; box-shadow: rgba(0, 0, 0, 0.25) -4px 0px 5px; text-align: initial; font-size: 13px; color: rgb(17, 17, 17); overflow: visible !important;"></div><span class="a-declarative" data-action="close-all-offers-display" data-csa-c-type="widget" data-csa-c-func-deps="aui-da-close-all-offers-display" data-close-all-offers-display="{}" data-csa-c-id="6ic5nl-b65ihq-xyfbm2-2ctg3a"></span></div><div id="edpIngress_feature_div" class="celwidget" data-feature-name="edpIngress" data-csa-c-type="widget" data-csa-c-content-id="edpIngress" data-csa-c-slot-id="edpIngress_feature_div" data-csa-c-asin="B08HJGNJ81" data-csa-c-is-in-initial-active-row="false" data-csa-c-id="ex0fnf-dart0f-byubvh-85ied1" data-cel-widget="edpIngress_feature_div" style="color: rgb(15, 17, 17); font-family: "Amazon Ember", Arial, sans-serif; font-size: 14px;"></div><div id="recommendations_feature_div" class="celwidget" data-feature-name="recommendations" data-csa-c-type="widget" data-csa-c-content-id="recommendations" data-csa-c-slot-id="recommendations_feature_div" data-csa-c-asin="B08HJGNJ81" data-csa-c-is-in-initial-active-row="false" data-csa-c-id="3l7jii-tj6ux3-lcexqs-9e366o" data-cel-widget="recommendations_feature_div" style="color: rgb(15, 17, 17); font-family: "Amazon Ember", Arial, sans-serif; font-size: 14px;"></div><div id="productAlert_feature_div" class="celwidget" data-feature-name="productAlert" data-csa-c-type="widget" data-csa-c-content-id="productAlert" data-csa-c-slot-id="productAlert_feature_div" data-csa-c-asin="B08HJGNJ81" data-csa-c-is-in-initial-active-row="false" data-csa-c-id="xaw36r-8541qn-zh7kcs-4tykgq" data-cel-widget="productAlert_feature_div" style="display: table; color: rgb(15, 17, 17); font-family: "Amazon Ember", Arial, sans-serif; font-size: 14px;"><div id="product-alert-grid_feature_div"><div id="universal-product-alert"><div class="a-section a-spacing-medium" style="margin-bottom: 0px;"><span class="a-text-bold" style="font-weight: 700 !important;">Note</span>: Products with electrical plugs are designed for use in the US. Outlets and voltage differ internationally and this product may require an adapter or converter for use in your destination. Please check compatibility before purchasing.</div></div></div></div>'),
	(8, 'NVIDIA GeForce RTX 3070', '/images/products/8.jpg', '/', 519, ' <div id="productOverview_feature_div" class="celwidget" data-feature-name="productOverview" data-csa-c-type="widget" data-csa-c-content-id="productOverview" data-csa-c-slot-id="productOverview_feature_div" data-csa-c-asin="B098Q4M4WH" data-csa-c-is-in-initial-active-row="false" data-csa-c-id="dzg22p-ka509a-hn0x3d-9ny0mg" data-cel-widget="productOverview_feature_div" style="color: rgb(15, 17, 17); font-family: "Amazon Ember", Arial, sans-serif; font-size: 14px;"><div class="a-section a-spacing-small a-spacing-top-small" style="margin-bottom: 0px; margin-top: 8px !important;"><table class="a-normal a-spacing-micro" style="width: 440.047px; margin-bottom: 4px !important;"><tbody><tr class="a-spacing-small po-graphics_coprocessor" style="margin-bottom: 8px !important;"><td class="a-span3" style="vertical-align: top; padding: 0px 3px 3px 0px; margin-right: 0px; width: 115.203px; float: none !important;"><span class="a-size-base a-text-bold" style="font-weight: 700 !important; line-height: 20px !important;">Graphics Coprocessor</span></td><td class="a-span9" style="vertical-align: top; padding: 0px 0px 3px 3px; margin-right: 0px; width: 324.844px; float: none !important;"><span class="a-size-base" style="line-height: 20px !important;">NVIDIA GeForce RTX 3070</span></td></tr><tr class="a-spacing-small po-brand" style="margin-bottom: 8px !important;"><td class="a-span3" style="vertical-align: top; padding: 3px 3px 3px 0px; margin-right: 0px; width: 115.203px; float: none !important;"><span class="a-size-base a-text-bold" style="font-weight: 700 !important; line-height: 20px !important;">Brand</span></td><td class="a-span9" style="vertical-align: top; padding: 3px 0px 3px 3px; margin-right: 0px; width: 324.844px; float: none !important;"><span class="a-size-base" style="line-height: 20px !important;">Gigabyte</span></td></tr><tr class="a-spacing-small po-graphics_ram.size" style="margin-bottom: 8px !important;"><td class="a-span3" style="vertical-align: top; padding: 3px 3px 3px 0px; margin-right: 0px; width: 115.203px; float: none !important;"><span class="a-size-base a-text-bold" style="font-weight: 700 !important; line-height: 20px !important;">Graphics Ram Size</span></td><td class="a-span9" style="vertical-align: top; padding: 3px 0px 3px 3px; margin-right: 0px; width: 324.844px; float: none !important;"><span class="a-size-base" style="line-height: 20px !important;">8 GB</span></td></tr><tr class="a-spacing-small po-gpu_clock_speed" style="margin-bottom: 8px !important;"><td class="a-span3" style="vertical-align: top; padding: 3px 3px 3px 0px; margin-right: 0px; width: 115.203px; float: none !important;"><span class="a-size-base a-text-bold" style="font-weight: 700 !important; line-height: 20px !important;">GPU Clock Speed</span></td><td class="a-span9" style="vertical-align: top; padding: 3px 0px 3px 3px; margin-right: 0px; width: 324.844px; float: none !important;"><span class="a-size-base" style="line-height: 20px !important;">1815 MHz</span></td></tr><tr class="a-spacing-small po-video_output_interface" style="margin-bottom: 8px !important;"><td class="a-span3" style="vertical-align: top; padding: 3px 3px 0px 0px; margin-right: 0px; width: 115.203px; float: none !important;"><span class="a-size-base a-text-bold" style="font-weight: 700 !important; line-height: 20px !important;">Video Output Interface</span></td><td class="a-span9" style="vertical-align: top; padding: 3px 0px 0px 3px; margin-right: 0px; width: 324.844px; float: none !important;"><span class="a-size-base" style="line-height: 20px !important;">DisplayPort, HDMI</span></td></tr></tbody></table></div></div><div id="featurebullets_feature_div" class="celwidget" data-feature-name="featurebullets" data-csa-c-type="widget" data-csa-c-content-id="featurebullets" data-csa-c-slot-id="featurebullets_feature_div" data-csa-c-asin="B098Q4M4WH" data-csa-c-is-in-initial-active-row="false" data-csa-c-id="fik3fb-y3l2jl-qhl4bo-4g7vyu" data-cel-widget="featurebullets_feature_div" style="color: rgb(15, 17, 17); font-family: "Amazon Ember", Arial, sans-serif; font-size: 14px;"><div id="feature-bullets" class="a-section a-spacing-medium a-spacing-top-small" style="margin-bottom: 0px; margin-top: 8px !important;"><hr style="box-sizing: border-box; background-color: transparent; border-top-color: rgb(231, 231, 231); height: 1px; line-height: 19px; margin-bottom: 14px; margin-top: 0px;"><h1 class="a-size-base-plus a-text-bold" style="padding: 0px 0px 4px; margin-right: 0px; margin-bottom: 0px; margin-left: 0px; text-rendering: optimizelegibility; font-weight: 700 !important; font-size: 16px !important; line-height: 24px !important;">About this item</h1><ul class="a-unordered-list a-vertical a-spacing-mini" style="margin-right: 0px; margin-bottom: 0px; margin-left: 18px; padding: 0px;"><li style="list-style: disc; overflow-wrap: break-word; margin: 0px;"><span class="a-list-item">NVIDIA Ampere Streaming Multiprocessors</span></li><li style="list-style: disc; overflow-wrap: break-word; margin: 0px;"><span class="a-list-item">2nd Generation RT Cores</span></li><li style="list-style: disc; overflow-wrap: break-word; margin: 0px;"><span class="a-list-item">3rd Generation Tensor Cores</span></li><li style="list-style: disc; overflow-wrap: break-word; margin: 0px;"><span class="a-list-item">Powered by GeForce RTX 3070</span></li><li style="list-style: disc; overflow-wrap: break-word; margin: 0px;"><span class="a-list-item">Integrated with 8GB GDDR6 256-bit memory interface</span></li></ul></div></div><div id="provenanceCertifications_feature_div" class="celwidget" data-feature-name="provenanceCertifications" data-csa-c-type="widget" data-csa-c-content-id="provenanceCertifications" data-csa-c-slot-id="provenanceCertifications_feature_div" data-csa-c-asin="B098Q4M4WH" data-csa-c-is-in-initial-active-row="false" data-csa-c-id="23nbzi-sdi331-h8iy4g-qhl52r" data-cel-widget="provenanceCertifications_feature_div" style="color: rgb(15, 17, 17); font-family: "Amazon Ember", Arial, sans-serif; font-size: 14px;"></div><div id="serviceCapabilities_feature_div" class="celwidget" data-feature-name="serviceCapabilities" data-csa-c-type="widget" data-csa-c-content-id="serviceCapabilities" data-csa-c-slot-id="serviceCapabilities_feature_div" data-csa-c-asin="B098Q4M4WH" data-csa-c-is-in-initial-active-row="false" data-csa-c-id="nwf5ht-gchifu-wr1vpm-365dv6" data-cel-widget="serviceCapabilities_feature_div" style="color: rgb(15, 17, 17); font-family: "Amazon Ember", Arial, sans-serif; font-size: 14px;"><div id="vas-service-capabilities" class="a-section a-spacing-none a-spacing-top-micro" style="margin-bottom: 0px; padding-top: 4px; max-width: 23rem; margin-top: 0px !important;"></div></div><div id="globalStoreInfoBullets_feature_div" class="celwidget" data-feature-name="globalStoreInfoBullets" data-csa-c-type="widget" data-csa-c-content-id="globalStoreInfoBullets" data-csa-c-slot-id="globalStoreInfoBullets_feature_div" data-csa-c-asin="B098Q4M4WH" data-csa-c-is-in-initial-active-row="false" data-csa-c-id="eq1vfy-o3oram-vaaz39-d4wowk" data-cel-widget="globalStoreInfoBullets_feature_div" style="color: rgb(15, 17, 17); font-family: "Amazon Ember", Arial, sans-serif; font-size: 14px;"></div><div id="vendorPoweredCoupon_feature_div" class="celwidget" data-feature-name="vendorPoweredCoupon" data-csa-c-type="widget" data-csa-c-content-id="vendorPoweredCoupon" data-csa-c-slot-id="vendorPoweredCoupon_feature_div" data-csa-c-asin="B098Q4M4WH" data-csa-c-is-in-initial-active-row="false" data-csa-c-id="7aksja-qkifvb-w2pi7h-be2zv0" data-cel-widget="vendorPoweredCoupon_feature_div" style="color: rgb(15, 17, 17); font-family: "Amazon Ember", Arial, sans-serif; font-size: 14px;"></div><div id="addOnItem_feature_div" class="celwidget" data-feature-name="addOnItem" data-csa-c-type="widget" data-csa-c-content-id="addOnItem" data-csa-c-slot-id="addOnItem_feature_div" data-csa-c-asin="B098Q4M4WH" data-csa-c-is-in-initial-active-row="false" data-csa-c-id="p3esw-a9k7vm-3frezv-uf1q47" data-cel-widget="addOnItem_feature_div" style="color: rgb(15, 17, 17); font-family: "Amazon Ember", Arial, sans-serif; font-size: 14px;"></div><div id="giftcard-holiday-availability-messaging_feature_div" class="celwidget" data-feature-name="giftCardHolidayAvailabilityMessaging" data-csa-c-type="widget" data-csa-c-content-id="giftCardHolidayAvailabilityMessaging" data-csa-c-slot-id="giftcard-holiday-availability-messaging_feature_div" data-csa-c-asin="B098Q4M4WH" data-csa-c-is-in-initial-active-row="false" data-csa-c-id="nxhgnl-r06it3-ws3wo-heynov" data-cel-widget="giftcard-holiday-availability-messaging_feature_div" style="color: rgb(15, 17, 17); font-family: "Amazon Ember", Arial, sans-serif; font-size: 14px;"></div><div id="andonCord_feature_div" class="celwidget" data-feature-name="andonCord" data-csa-c-type="widget" data-csa-c-content-id="andonCord" data-csa-c-slot-id="andonCord_feature_div" data-csa-c-asin="B098Q4M4WH" data-csa-c-is-in-initial-active-row="false" data-csa-c-id="p6ga39-7bavkd-nk63mh-ngcb7v" data-cel-widget="andonCord_feature_div" style="color: rgb(15, 17, 17); font-family: "Amazon Ember", Arial, sans-serif; font-size: 14px;"></div><div id="olp_feature_div" class="celwidget" data-feature-name="olp" data-csa-c-type="widget" data-csa-c-content-id="olp" data-csa-c-slot-id="olp_feature_div" data-csa-c-asin="B098Q4M4WH" data-csa-c-is-in-initial-active-row="false" data-csa-c-id="gschhj-jst0v5-qcjyk7-8abzso" data-cel-widget="olp_feature_div" style="color: rgb(15, 17, 17); font-family: "Amazon Ember", Arial, sans-serif; font-size: 14px;"><div id="all-offers-display" class="a-section" style="margin: 0px; position: fixed; right: -620px; width: 602px; bottom: 0px; z-index: 290; background-color: rgb(249, 251, 251); border-width: 0px; top: 0px; box-shadow: rgba(0, 0, 0, 0.25) -4px 0px 5px; text-align: initial; font-size: 13px; color: rgb(17, 17, 17); overflow: visible !important;"></div><span class="a-declarative" data-action="close-all-offers-display" data-csa-c-type="widget" data-csa-c-func-deps="aui-da-close-all-offers-display" data-close-all-offers-display="{}" data-csa-c-id="e1hj53-1ctypb-sxzqdh-8lycka"></span></div><div id="edpIngress_feature_div" class="celwidget" data-feature-name="edpIngress" data-csa-c-type="widget" data-csa-c-content-id="edpIngress" data-csa-c-slot-id="edpIngress_feature_div" data-csa-c-asin="B098Q4M4WH" data-csa-c-is-in-initial-active-row="false" data-csa-c-id="debqhy-2xbqgj-94qqq3-c5ovss" data-cel-widget="edpIngress_feature_div" style="color: rgb(15, 17, 17); font-family: "Amazon Ember", Arial, sans-serif; font-size: 14px;"></div><div id="recommendations_feature_div" class="celwidget" data-feature-name="recommendations" data-csa-c-type="widget" data-csa-c-content-id="recommendations" data-csa-c-slot-id="recommendations_feature_div" data-csa-c-asin="B098Q4M4WH" data-csa-c-is-in-initial-active-row="false" data-csa-c-id="4q1k52-tl93ku-hh1d2t-12v4j5" data-cel-widget="recommendations_feature_div" style="color: rgb(15, 17, 17); font-family: "Amazon Ember", Arial, sans-serif; font-size: 14px;"></div><div id="productAlert_feature_div" class="celwidget" data-feature-name="productAlert" data-csa-c-type="widget" data-csa-c-content-id="productAlert" data-csa-c-slot-id="productAlert_feature_div" data-csa-c-asin="B098Q4M4WH" data-csa-c-is-in-initial-active-row="false" data-csa-c-id="pouvy4-2c1bo1-rqfnu7-zbblcl" data-cel-widget="productAlert_feature_div" style="display: table; color: rgb(15, 17, 17); font-family: "Amazon Ember", Arial, sans-serif; font-size: 14px;"><div id="universal-product-alert"><div class="a-section a-spacing-medium" style="margin-bottom: 0px;"><span class="a-text-bold" style="font-weight: 700 !important;">Note</span>: Products with electrical plugs are designed for use in the US. Outlets and voltage differ internationally and this product may require an adapter or converter for use in your destination. Please check compatibility before purchasing.</div></div></div>'),
	(9, 'GeForce RTX 3050 8GB', '/images/products/9.jpg', '/', 299, ' <div id="productOverview_feature_div" class="celwidget" data-feature-name="productOverview" data-csa-c-type="widget" data-csa-c-content-id="productOverview" data-csa-c-slot-id="productOverview_feature_div" data-csa-c-asin="B09Q9SX3NY" data-csa-c-is-in-initial-active-row="false" data-csa-c-id="f3ow4s-avviz3-hobmfz-lquogi" data-cel-widget="productOverview_feature_div" style="color: rgb(15, 17, 17); font-family: "Amazon Ember", Arial, sans-serif; font-size: 14px;"><div class="a-section a-spacing-small a-spacing-top-small" style="margin-bottom: 0px; margin-top: 8px !important;"><table class="a-normal a-spacing-micro" style="width: 440.047px; margin-bottom: 4px !important;"><tbody><tr class="a-spacing-small po-graphics_coprocessor" style="margin-bottom: 8px !important;"><td class="a-span3" style="vertical-align: top; padding: 0px 3px 3px 0px; margin-right: 0px; width: 115.203px; float: none !important;"><span class="a-size-base a-text-bold" style="font-weight: 700 !important; line-height: 20px !important;">Graphics Coprocessor</span></td><td class="a-span9" style="vertical-align: top; padding: 0px 0px 3px 3px; margin-right: 0px; width: 324.844px; float: none !important;"><span class="a-size-base" style="line-height: 20px !important;">NVIDIA GeForce RTX 3050</span></td></tr><tr class="a-spacing-small po-brand" style="margin-bottom: 8px !important;"><td class="a-span3" style="vertical-align: top; padding: 3px 3px 3px 0px; margin-right: 0px; width: 115.203px; float: none !important;"><span class="a-size-base a-text-bold" style="font-weight: 700 !important; line-height: 20px !important;">Brand</span></td><td class="a-span9" style="vertical-align: top; padding: 3px 0px 3px 3px; margin-right: 0px; width: 324.844px; float: none !important;"><span class="a-size-base" style="line-height: 20px !important;">MSI</span></td></tr><tr class="a-spacing-small po-graphics_ram.size" style="margin-bottom: 8px !important;"><td class="a-span3" style="vertical-align: top; padding: 3px 3px 3px 0px; margin-right: 0px; width: 115.203px; float: none !important;"><span class="a-size-base a-text-bold" style="font-weight: 700 !important; line-height: 20px !important;">Graphics Ram Size</span></td><td class="a-span9" style="vertical-align: top; padding: 3px 0px 3px 3px; margin-right: 0px; width: 324.844px; float: none !important;"><span class="a-size-base" style="line-height: 20px !important;">8 GB</span></td></tr><tr class="a-spacing-small po-gpu_clock_speed" style="margin-bottom: 8px !important;"><td class="a-span3" style="vertical-align: top; padding: 3px 3px 3px 0px; margin-right: 0px; width: 115.203px; float: none !important;"><span class="a-size-base a-text-bold" style="font-weight: 700 !important; line-height: 20px !important;">GPU Clock Speed</span></td><td class="a-span9" style="vertical-align: top; padding: 3px 0px 3px 3px; margin-right: 0px; width: 324.844px; float: none !important;"><span class="a-size-base" style="line-height: 20px !important;">1.81 GHz</span></td></tr><tr class="a-spacing-small po-video_output_interface" style="margin-bottom: 8px !important;"><td class="a-span3" style="vertical-align: top; padding: 3px 3px 0px 0px; margin-right: 0px; width: 115.203px; float: none !important;"><span class="a-size-base a-text-bold" style="font-weight: 700 !important; line-height: 20px !important;">Video Output Interface</span></td><td class="a-span9" style="vertical-align: top; padding: 3px 0px 0px 3px; margin-right: 0px; width: 324.844px; float: none !important;"><span class="a-size-base" style="line-height: 20px !important;">PCI Express 4.0 x8</span></td></tr></tbody></table></div></div><div id="featurebullets_feature_div" class="celwidget" data-feature-name="featurebullets" data-csa-c-type="widget" data-csa-c-content-id="featurebullets" data-csa-c-slot-id="featurebullets_feature_div" data-csa-c-asin="B09Q9SX3NY" data-csa-c-is-in-initial-active-row="false" data-csa-c-id="fdh5t-my23eu-thspro-j4totz" data-cel-widget="featurebullets_feature_div" style="color: rgb(15, 17, 17); font-family: "Amazon Ember", Arial, sans-serif; font-size: 14px;"><div id="feature-bullets" class="a-section a-spacing-medium a-spacing-top-small" style="margin-bottom: 0px; margin-top: 8px !important;"><hr style="box-sizing: border-box; background-color: transparent; border-top-color: rgb(231, 231, 231); height: 1px; line-height: 19px; margin-bottom: 14px; margin-top: 0px;"><h1 class="a-size-base-plus a-text-bold" style="padding: 0px 0px 4px; margin-right: 0px; margin-bottom: 0px; margin-left: 0px; text-rendering: optimizelegibility; font-weight: 700 !important; font-size: 16px !important; line-height: 24px !important;">About this item</h1><ul class="a-unordered-list a-vertical a-spacing-mini" style="margin-right: 0px; margin-bottom: 0px; margin-left: 18px; padding: 0px;"><li style="list-style: disc; overflow-wrap: break-word; margin: 0px;"><span class="a-list-item">Chipset: GeForce RTX 3050</span></li><li style="list-style: disc; overflow-wrap: break-word; margin: 0px;"><span class="a-list-item">Video Memory: 8GB GDDR6</span></li><li style="list-style: disc; overflow-wrap: break-word; margin: 0px;"><span class="a-list-item">Memory Interface: 128-bit</span></li><li style="list-style: disc; overflow-wrap: break-word; margin: 0px;"><span class="a-list-item">Output: DisplayPort x 3 (v1.4a) / HDMI 2.1 x 1</span></li><li style="list-style: disc; overflow-wrap: break-word; margin: 0px;"><span class="a-list-item">Digital maximum resolution: 7680 x 4320</span></li></ul></div></div><div id="provenanceCertifications_feature_div" class="celwidget" data-feature-name="provenanceCertifications" data-csa-c-type="widget" data-csa-c-content-id="provenanceCertifications" data-csa-c-slot-id="provenanceCertifications_feature_div" data-csa-c-asin="B09Q9SX3NY" data-csa-c-is-in-initial-active-row="false" data-csa-c-id="478p18-cxpx3e-m1c44f-psie13" data-cel-widget="provenanceCertifications_feature_div" style="color: rgb(15, 17, 17); font-family: "Amazon Ember", Arial, sans-serif; font-size: 14px;"></div><div id="serviceCapabilities_feature_div" class="celwidget" data-feature-name="serviceCapabilities" data-csa-c-type="widget" data-csa-c-content-id="serviceCapabilities" data-csa-c-slot-id="serviceCapabilities_feature_div" data-csa-c-asin="B09Q9SX3NY" data-csa-c-is-in-initial-active-row="false" data-csa-c-id="krysoi-l7jdqi-9ezryo-kv1s4y" data-cel-widget="serviceCapabilities_feature_div" style="color: rgb(15, 17, 17); font-family: "Amazon Ember", Arial, sans-serif; font-size: 14px;"><div id="vas-service-capabilities" class="a-section a-spacing-none a-spacing-top-micro" style="margin-bottom: 0px; padding-top: 4px; max-width: 23rem; margin-top: 0px !important;"></div></div><div id="globalStoreInfoBullets_feature_div" class="celwidget" data-feature-name="globalStoreInfoBullets" data-csa-c-type="widget" data-csa-c-content-id="globalStoreInfoBullets" data-csa-c-slot-id="globalStoreInfoBullets_feature_div" data-csa-c-asin="B09Q9SX3NY" data-csa-c-is-in-initial-active-row="false" data-csa-c-id="qrnxf0-z4gf9v-ddtr50-70ukwh" data-cel-widget="globalStoreInfoBullets_feature_div" style="color: rgb(15, 17, 17); font-family: "Amazon Ember", Arial, sans-serif; font-size: 14px;"></div><div id="vendorPoweredCoupon_feature_div" class="celwidget" data-feature-name="vendorPoweredCoupon" data-csa-c-type="widget" data-csa-c-content-id="vendorPoweredCoupon" data-csa-c-slot-id="vendorPoweredCoupon_feature_div" data-csa-c-asin="B09Q9SX3NY" data-csa-c-is-in-initial-active-row="false" data-csa-c-id="6m7wxp-a8dmzx-ae81xx-epmiy0" data-cel-widget="vendorPoweredCoupon_feature_div" style="color: rgb(15, 17, 17); font-family: "Amazon Ember", Arial, sans-serif; font-size: 14px;"></div><div id="addOnItem_feature_div" class="celwidget" data-feature-name="addOnItem" data-csa-c-type="widget" data-csa-c-content-id="addOnItem" data-csa-c-slot-id="addOnItem_feature_div" data-csa-c-asin="B09Q9SX3NY" data-csa-c-is-in-initial-active-row="false" data-csa-c-id="yxoex-gvlg5x-b6n8dt-1muaqk" data-cel-widget="addOnItem_feature_div" style="color: rgb(15, 17, 17); font-family: "Amazon Ember", Arial, sans-serif; font-size: 14px;"></div><div id="giftcard-holiday-availability-messaging_feature_div" class="celwidget" data-feature-name="giftCardHolidayAvailabilityMessaging" data-csa-c-type="widget" data-csa-c-content-id="giftCardHolidayAvailabilityMessaging" data-csa-c-slot-id="giftcard-holiday-availability-messaging_feature_div" data-csa-c-asin="B09Q9SX3NY" data-csa-c-is-in-initial-active-row="false" data-csa-c-id="5zkp73-xajxla-xeu1px-miwgg2" data-cel-widget="giftcard-holiday-availability-messaging_feature_div" style="color: rgb(15, 17, 17); font-family: "Amazon Ember", Arial, sans-serif; font-size: 14px;"></div><div id="andonCord_feature_div" class="celwidget" data-feature-name="andonCord" data-csa-c-type="widget" data-csa-c-content-id="andonCord" data-csa-c-slot-id="andonCord_feature_div" data-csa-c-asin="B09Q9SX3NY" data-csa-c-is-in-initial-active-row="false" data-csa-c-id="sf0ear-1ugl9a-gunzqw-922bpo" data-cel-widget="andonCord_feature_div" style="color: rgb(15, 17, 17); font-family: "Amazon Ember", Arial, sans-serif; font-size: 14px;"></div><div id="olp_feature_div" class="celwidget" data-feature-name="olp" data-csa-c-type="widget" data-csa-c-content-id="olp" data-csa-c-slot-id="olp_feature_div" data-csa-c-asin="B09Q9SX3NY" data-csa-c-is-in-initial-active-row="false" data-csa-c-id="pd6bn4-z0o1kj-mxnwtr-ud5w1v" data-cel-widget="olp_feature_div" style="color: rgb(15, 17, 17); font-family: "Amazon Ember", Arial, sans-serif; font-size: 14px;"><div id="all-offers-display" class="a-section" style="margin: 0px; position: fixed; right: -620px; width: 602px; bottom: 0px; z-index: 290; background-color: rgb(249, 251, 251); border-width: 0px; top: 0px; box-shadow: rgba(0, 0, 0, 0.25) -4px 0px 5px; text-align: initial; font-size: 13px; color: rgb(17, 17, 17); overflow: visible !important;"></div><span class="a-declarative" data-action="close-all-offers-display" data-csa-c-type="widget" data-csa-c-func-deps="aui-da-close-all-offers-display" data-close-all-offers-display="{}" data-csa-c-id="ybryb6-mo4oxu-1prpnt-eco820"></span></div><div id="edpIngress_feature_div" class="celwidget" data-feature-name="edpIngress" data-csa-c-type="widget" data-csa-c-content-id="edpIngress" data-csa-c-slot-id="edpIngress_feature_div" data-csa-c-asin="B09Q9SX3NY" data-csa-c-is-in-initial-active-row="false" data-csa-c-id="z21i82-8vs2g8-spm4y5-elot96" data-cel-widget="edpIngress_feature_div" style="color: rgb(15, 17, 17); font-family: "Amazon Ember", Arial, sans-serif; font-size: 14px;"></div><div id="recommendations_feature_div" class="celwidget" data-feature-name="recommendations" data-csa-c-type="widget" data-csa-c-content-id="recommendations" data-csa-c-slot-id="recommendations_feature_div" data-csa-c-asin="B09Q9SX3NY" data-csa-c-is-in-initial-active-row="false" data-csa-c-id="qfaq5j-x2u5a0-c223g8-lubwo7" data-cel-widget="recommendations_feature_div" style="color: rgb(15, 17, 17); font-family: "Amazon Ember", Arial, sans-serif; font-size: 14px;"></div><div id="productAlert_feature_div" class="celwidget" data-feature-name="productAlert" data-csa-c-type="widget" data-csa-c-content-id="productAlert" data-csa-c-slot-id="productAlert_feature_div" data-csa-c-asin="B09Q9SX3NY" data-csa-c-is-in-initial-active-row="false" data-csa-c-id="ub8nx4-osangc-noe4le-or576y" data-cel-widget="productAlert_feature_div" style="display: table; color: rgb(15, 17, 17); font-family: "Amazon Ember", Arial, sans-serif; font-size: 14px;"><div id="universal-product-alert"><div class="a-section a-spacing-medium" style="margin-bottom: 0px;"><span class="a-text-bold" style="font-weight: 700 !important;">Note</span>: Products with electrical plugs are designed for use in the US. Outlets and voltage differ internationally and this product may require an adapter or converter for use in your destination. Please check compatibility before purchasing.</div></div></div>'),
	(10, ' NVIDIA GeForce RTX 3080', '/images/products/10.jpg', '/', 1049, ' <table class="a-normal a-spacing-micro" style="width: 440.047px; color: rgb(15, 17, 17); font-family: "Amazon Ember", Arial, sans-serif; font-size: 14px; margin-bottom: 4px !important;"><tbody><tr class="a-spacing-small po-graphics_coprocessor" style="margin-bottom: 8px !important;"><td class="a-span3" style="vertical-align: top; padding: 0px 3px 3px 0px; margin-right: 0px; width: 115.203px; float: none !important;"><p><span class="a-size-base a-text-bold" style="font-weight: 700 !important; line-height: 20px !important;">Graphics</span></p><p><span class="a-size-base a-text-bold" style="font-weight: 700 !important; line-height: 20px !important;"><br></span><span style="font-weight: 700;">Coprocessor</span></p></td><td class="a-span9" style="vertical-align: top; padding: 0px 0px 3px 3px; margin-right: 0px; width: 324.844px; float: none !important;"><span class="a-size-base" style="line-height: 20px !important;">NVIDIA GeForce RTX 3080 LHR</span></td></tr><tr class="a-spacing-small po-brand" style="margin-bottom: 8px !important;"><td class="a-span3" style="vertical-align: top; padding: 3px 3px 3px 0px; margin-right: 0px; width: 115.203px; float: none !important;"><span class="a-size-base a-text-bold" style="font-weight: 700 !important; line-height: 20px !important;">Brand</span></td><td class="a-span9" style="vertical-align: top; padding: 3px 0px 3px 3px; margin-right: 0px; width: 324.844px; float: none !important;"><span class="a-size-base" style="line-height: 20px !important;">MSI</span></td></tr><tr class="a-spacing-small po-graphics_ram.size" style="margin-bottom: 8px !important;"><td class="a-span3" style="vertical-align: top; padding: 3px 3px 3px 0px; margin-right: 0px; width: 115.203px; float: none !important;"><span class="a-size-base a-text-bold" style="font-weight: 700 !important; line-height: 20px !important;">Graphics Ram Size</span></td><td class="a-span9" style="vertical-align: top; padding: 3px 0px 3px 3px; margin-right: 0px; width: 324.844px; float: none !important;"><span class="a-size-base" style="line-height: 20px !important;">10 GB</span></td></tr><tr class="a-spacing-small po-gpu_clock_speed" style="margin-bottom: 8px !important;"><td class="a-span3" style="vertical-align: top; padding: 3px 3px 3px 0px; margin-right: 0px; width: 115.203px; float: none !important;"><span class="a-size-base a-text-bold" style="font-weight: 700 !important; line-height: 20px !important;">GPU Clock Speed</span></td><td class="a-span9" style="vertical-align: top; padding: 3px 0px 3px 3px; margin-right: 0px; width: 324.844px; float: none !important;"><span class="a-size-base" style="line-height: 20px !important;">1740 MHz</span></td></tr><tr class="a-spacing-small po-video_output_interface" style="margin-bottom: 8px !important;"><td class="a-span3" style="vertical-align: top; padding: 3px 3px 0px 0px; margin-right: 0px; width: 115.203px; float: none !important;"><span class="a-size-base a-text-bold" style="font-weight: 700 !important; line-height: 20px !important;">Video Output Interface</span></td><td class="a-span9" style="vertical-align: top; padding: 3px 0px 0px 3px; margin-right: 0px; width: 324.844px; float: none !important;"><p><span class="a-size-base" style="line-height: 20px !important;">DisplayPort</span></p><p><span class="a-size-base" style="line-height: 20px !important;"><br></span></p><p><span class="a-size-base" style="line-height: 20px !important;"><br></span></p><p><span class="a-size-base" style="line-height: 20px !important;"><div id="provenanceCertifications_feature_div" class="celwidget" data-feature-name="provenanceCertifications" data-csa-c-type="widget" data-csa-c-content-id="provenanceCertifications" data-csa-c-slot-id="provenanceCertifications_feature_div" data-csa-c-asin="B09FSWGS7L" data-csa-c-is-in-initial-active-row="false" data-csa-c-id="icgyzb-kxhjx9-phfk9o-3gcrt2" data-cel-widget="provenanceCertifications_feature_div" style="box-sizing: border-box; color: rgb(15, 17, 17); font-family: "Amazon Ember", Arial, sans-serif; font-size: 14px; font-style: normal; font-variant-ligatures: normal; font-variant-caps: normal; font-weight: 400; letter-spacing: normal; orphans: 2; text-align: start; text-indent: 0px; text-transform: none; white-space: normal; widows: 2; word-spacing: 0px; -webkit-text-stroke-width: 0px; background-color: rgb(255, 255, 255); text-decoration-thickness: initial; text-decoration-style: initial; text-decoration-color: initial;"></div><div id="serviceCapabilities_feature_div" class="celwidget" data-feature-name="serviceCapabilities" data-csa-c-type="widget" data-csa-c-content-id="serviceCapabilities" data-csa-c-slot-id="serviceCapabilities_feature_div" data-csa-c-asin="B09FSWGS7L" data-csa-c-is-in-initial-active-row="false" data-csa-c-id="wkigfv-obi3z6-k86off-ltb946" data-cel-widget="serviceCapabilities_feature_div" style="box-sizing: border-box; color: rgb(15, 17, 17); font-family: "Amazon Ember", Arial, sans-serif; font-size: 14px; font-style: normal; font-variant-ligatures: normal; font-variant-caps: normal; font-weight: 400; letter-spacing: normal; orphans: 2; text-align: start; text-indent: 0px; text-transform: none; white-space: normal; widows: 2; word-spacing: 0px; -webkit-text-stroke-width: 0px; background-color: rgb(255, 255, 255); text-decoration-thickness: initial; text-decoration-style: initial; text-decoration-color: initial;"></div></span></p><div id="featurebullets_feature_div" class="celwidget" data-feature-name="featurebullets" data-csa-c-type="widget" data-csa-c-content-id="featurebullets" data-csa-c-slot-id="featurebullets_feature_div" data-csa-c-asin="B09FSWGS7L" data-csa-c-is-in-initial-active-row="false" data-csa-c-id="o9d28y-8kuk3v-dhd3bh-1sb7ap" data-cel-widget="featurebullets_feature_div" style="box-sizing: border-box; color: rgb(15, 17, 17); font-family: "Amazon Ember", Arial, sans-serif; font-size: 14px; font-style: normal; font-variant-ligatures: normal; font-variant-caps: normal; font-weight: 400; letter-spacing: normal; orphans: 2; text-align: start; text-indent: 0px; text-transform: none; white-space: normal; widows: 2; word-spacing: 0px; -webkit-text-stroke-width: 0px; background-color: rgb(255, 255, 255); text-decoration-thickness: initial; text-decoration-style: initial; text-decoration-color: initial;"><div id="feature-bullets" class="a-section a-spacing-medium a-spacing-top-small" style="box-sizing: border-box; margin-top: 8px !important; margin-bottom: 0px;"><ul class="a-unordered-list a-vertical a-spacing-mini" style="box-sizing: border-box; margin: 0px 0px 0px 18px; color: rgb(15, 17, 17); padding: 0px;"><li style="box-sizing: border-box; list-style: disc; overflow-wrap: break-word; margin: 0px;"><span class="a-list-item" style="box-sizing: border-box; color: rgb(15, 17, 17);">Memory Speed:19 Gbps.Digital Max Resolution:7680x4320</span></li><li style="box-sizing: border-box; list-style: disc; overflow-wrap: break-word; margin: 0px;"><span class="a-list-item" style="box-sizing: border-box; color: rgb(15, 17, 17);">Chipset: NVIDIA GeForce RTX 3080 LHR</span></li><li style="box-sizing: border-box; list-style: disc; overflow-wrap: break-word; margin: 0px;"><span class="a-list-item" style="box-sizing: border-box; color: rgb(15, 17, 17);">Boost Clock: 1740 MHz</span></li><li style="box-sizing: border-box; list-style: disc; overflow-wrap: break-word; margin: 0px;"><span class="a-list-item" style="box-sizing: border-box; color: rgb(15, 17, 17);">Video Memory: 10GB GDDR6X</span></li><li style="box-sizing: border-box; list-style: disc; overflow-wrap: break-word; margin: 0px;"><span class="a-list-item" style="box-sizing: border-box; color: rgb(15, 17, 17);">Memory Interface: 320-bit</span></li><li style="box-sizing: border-box; list-style: disc; overflow-wrap: break-word; margin: 0px;"><span class="a-list-item" style="box-sizing: border-box; color: rgb(15, 17, 17);">Output: DisplayPort x 3 (v1.4a) / HDMI 2.1 x 1</span></li></ul></div></div></td></tr></tbody></table><div id="ppd" style="color: rgb(15, 17, 17); font-family: "Amazon Ember", Arial, sans-serif; font-size: 14px;"><div id="hqpWrapper" class="centerColAlign centerColAlign-bbcxoverride" style="margin-right: 270px; margin-left: 753.953px;"></div></div>'),
	(11, 'GeForce GTX 1660 Super, 6GB GDDR6', '/images/products/11.jpg', '/', 317, ' <div id="productOverview_feature_div" class="celwidget" data-feature-name="productOverview" data-csa-c-type="widget" data-csa-c-content-id="productOverview" data-csa-c-slot-id="productOverview_feature_div" data-csa-c-asin="B082GQNKRT" data-csa-c-is-in-initial-active-row="false" data-csa-c-id="szh07t-d5s9ug-g6xdyy-1nzlqx" data-cel-widget="productOverview_feature_div" style="color: rgb(15, 17, 17); font-family: "Amazon Ember", Arial, sans-serif; font-size: 14px;"><div class="a-section a-spacing-small a-spacing-top-small" style="margin-bottom: 0px; margin-top: 8px !important;"><table class="a-normal a-spacing-micro" style="width: 440.047px; margin-bottom: 4px !important;"><tbody><tr class="a-spacing-small po-graphics_coprocessor" style="margin-bottom: 8px !important;"><td class="a-span3" style="vertical-align: top; padding: 0px 3px 3px 0px; margin-right: 0px; width: 115.203px; float: none !important;"><span class="a-size-base a-text-bold" style="font-weight: 700 !important; line-height: 20px !important;">Graphics Coprocessor</span></td><td class="a-span9" style="vertical-align: top; padding: 0px 0px 3px 3px; margin-right: 0px; width: 324.844px; float: none !important;"><span class="a-size-base" style="line-height: 20px !important;">AMD FirePro 2270</span></td></tr><tr class="a-spacing-small po-brand" style="margin-bottom: 8px !important;"><td class="a-span3" style="vertical-align: top; padding: 3px 3px 3px 0px; margin-right: 0px; width: 115.203px; float: none !important;"><span class="a-size-base a-text-bold" style="font-weight: 700 !important; line-height: 20px !important;">Brand</span></td><td class="a-span9" style="vertical-align: top; padding: 3px 0px 3px 3px; margin-right: 0px; width: 324.844px; float: none !important;"><span class="a-size-base" style="line-height: 20px !important;">ASUS</span></td></tr><tr class="a-spacing-small po-graphics_ram.size" style="margin-bottom: 8px !important;"><td class="a-span3" style="vertical-align: top; padding: 3px 3px 3px 0px; margin-right: 0px; width: 115.203px; float: none !important;"><span class="a-size-base a-text-bold" style="font-weight: 700 !important; line-height: 20px !important;">Graphics Ram Size</span></td><td class="a-span9" style="vertical-align: top; padding: 3px 0px 3px 3px; margin-right: 0px; width: 324.844px; float: none !important;"><span class="a-size-base" style="line-height: 20px !important;">6 GB</span></td></tr><tr class="a-spacing-small po-gpu_clock_speed" style="margin-bottom: 8px !important;"><td class="a-span3" style="vertical-align: top; padding: 3px 3px 3px 0px; margin-right: 0px; width: 115.203px; float: none !important;"><span class="a-size-base a-text-bold" style="font-weight: 700 !important; line-height: 20px !important;">GPU Clock Speed</span></td><td class="a-span9" style="vertical-align: top; padding: 3px 0px 3px 3px; margin-right: 0px; width: 324.844px; float: none !important;"><span class="a-size-base" style="line-height: 20px !important;">1845 MHz</span></td></tr><tr class="a-spacing-small po-video_output_interface" style="margin-bottom: 8px !important;"><td class="a-span3" style="vertical-align: top; padding: 3px 3px 0px 0px; margin-right: 0px; width: 115.203px; float: none !important;"><span class="a-size-base a-text-bold" style="font-weight: 700 !important; line-height: 20px !important;">Video Output Interface</span></td><td class="a-span9" style="vertical-align: top; padding: 3px 0px 0px 3px; margin-right: 0px; width: 324.844px; float: none !important;"><span class="a-size-base" style="line-height: 20px !important;">DisplayPort, DVI, HDMI</span></td></tr></tbody></table></div></div><div id="featurebullets_feature_div" class="celwidget" data-feature-name="featurebullets" data-csa-c-type="widget" data-csa-c-content-id="featurebullets" data-csa-c-slot-id="featurebullets_feature_div" data-csa-c-asin="B082GQNKRT" data-csa-c-is-in-initial-active-row="false" data-csa-c-id="d5pu7a-umkgi7-vqk5nc-3o7oil" data-cel-widget="featurebullets_feature_div" style="color: rgb(15, 17, 17); font-family: "Amazon Ember", Arial, sans-serif; font-size: 14px;"><div id="feature-bullets" class="a-section a-spacing-medium a-spacing-top-small" style="margin-bottom: 0px; margin-top: 8px !important;"><hr style="box-sizing: border-box; background-color: transparent; border-top-color: rgb(231, 231, 231); height: 1px; line-height: 19px; margin-bottom: 14px; margin-top: 0px;"><h1 class="a-size-base-plus a-text-bold" style="padding: 0px 0px 4px; margin-right: 0px; margin-bottom: 0px; margin-left: 0px; text-rendering: optimizelegibility; font-weight: 700 !important; font-size: 16px !important; line-height: 24px !important;">About this item</h1><ul class="a-unordered-list a-vertical a-spacing-mini" style="margin-right: 0px; margin-bottom: 0px; margin-left: 18px; padding: 0px;"><li style="list-style: disc; overflow-wrap: break-word; margin: 0px;"><span class="a-list-item">NVIDIA GeForce GTX 1660 SUPER graphics engine</span></li><li style="list-style: disc; overflow-wrap: break-word; margin: 0px;"><span class="a-list-item">PCI Express 3.0 Bus Standard</span></li><li style="list-style: disc; overflow-wrap: break-word; margin: 0px;"><span class="a-list-item">OpenGL 4.6</span></li><li style="list-style: disc; overflow-wrap: break-word; margin: 0px;"><span class="a-list-item">GDDR6 Video Memory 6 GB</span></li><li style="list-style: disc; overflow-wrap: break-word; margin: 0px;"><span class="a-list-item">Memory speed 14002MHz</span></li><li style="list-style: disc; overflow-wrap: break-word; margin: 0px;"><span class="a-list-item">Resolution Maximum digital resolution 7680 x 4320</span></li></ul></div></div><div id="provenanceCertifications_feature_div" class="celwidget" data-feature-name="provenanceCertifications" data-csa-c-type="widget" data-csa-c-content-id="provenanceCertifications" data-csa-c-slot-id="provenanceCertifications_feature_div" data-csa-c-asin="B082GQNKRT" data-csa-c-is-in-initial-active-row="false" data-csa-c-id="xxym8b-baw3sy-ohqu53-z3kffg" data-cel-widget="provenanceCertifications_feature_div" style="color: rgb(15, 17, 17); font-family: "Amazon Ember", Arial, sans-serif; font-size: 14px;"></div><div id="serviceCapabilities_feature_div" class="celwidget" data-feature-name="serviceCapabilities" data-csa-c-type="widget" data-csa-c-content-id="serviceCapabilities" data-csa-c-slot-id="serviceCapabilities_feature_div" data-csa-c-asin="B082GQNKRT" data-csa-c-is-in-initial-active-row="false" data-csa-c-id="7t8z9p-wj1xow-suadpd-aja4j2" data-cel-widget="serviceCapabilities_feature_div" style="color: rgb(15, 17, 17); font-family: "Amazon Ember", Arial, sans-serif; font-size: 14px;"><div id="vas-service-capabilities" class="a-section a-spacing-none a-spacing-top-micro" style="margin-bottom: 0px; padding-top: 4px; max-width: 23rem; margin-top: 0px !important;"></div></div><div id="globalStoreInfoBullets_feature_div" class="celwidget" data-feature-name="globalStoreInfoBullets" data-csa-c-type="widget" data-csa-c-content-id="globalStoreInfoBullets" data-csa-c-slot-id="globalStoreInfoBullets_feature_div" data-csa-c-asin="B082GQNKRT" data-csa-c-is-in-initial-active-row="false" data-csa-c-id="43l5ll-ijt42b-yzqdlv-ap3mly" data-cel-widget="globalStoreInfoBullets_feature_div" style="color: rgb(15, 17, 17); font-family: "Amazon Ember", Arial, sans-serif; font-size: 14px;"></div><div id="vendorPoweredCoupon_feature_div" class="celwidget" data-feature-name="vendorPoweredCoupon" data-csa-c-type="widget" data-csa-c-content-id="vendorPoweredCoupon" data-csa-c-slot-id="vendorPoweredCoupon_feature_div" data-csa-c-asin="B082GQNKRT" data-csa-c-is-in-initial-active-row="false" data-csa-c-id="tlcwpn-l0yub5-rbbbeh-40zttd" data-cel-widget="vendorPoweredCoupon_feature_div" style="color: rgb(15, 17, 17); font-family: "Amazon Ember", Arial, sans-serif; font-size: 14px;"></div><div id="addOnItem_feature_div" class="celwidget" data-feature-name="addOnItem" data-csa-c-type="widget" data-csa-c-content-id="addOnItem" data-csa-c-slot-id="addOnItem_feature_div" data-csa-c-asin="B082GQNKRT" data-csa-c-is-in-initial-active-row="false" data-csa-c-id="hpt606-2pzecz-ry4xng-7p8v71" data-cel-widget="addOnItem_feature_div" style="color: rgb(15, 17, 17); font-family: "Amazon Ember", Arial, sans-serif; font-size: 14px;"></div><div id="giftcard-holiday-availability-messaging_feature_div" class="celwidget" data-feature-name="giftCardHolidayAvailabilityMessaging" data-csa-c-type="widget" data-csa-c-content-id="giftCardHolidayAvailabilityMessaging" data-csa-c-slot-id="giftcard-holiday-availability-messaging_feature_div" data-csa-c-asin="B082GQNKRT" data-csa-c-is-in-initial-active-row="false" data-csa-c-id="qk50vy-z8c5tg-m9fnkm-9yc8ev" data-cel-widget="giftcard-holiday-availability-messaging_feature_div" style="color: rgb(15, 17, 17); font-family: "Amazon Ember", Arial, sans-serif; font-size: 14px;"></div><div id="andonCord_feature_div" class="celwidget" data-feature-name="andonCord" data-csa-c-type="widget" data-csa-c-content-id="andonCord" data-csa-c-slot-id="andonCord_feature_div" data-csa-c-asin="B082GQNKRT" data-csa-c-is-in-initial-active-row="false" data-csa-c-id="6gkvyj-av6otj-b81sr5-ysto2j" data-cel-widget="andonCord_feature_div" style="color: rgb(15, 17, 17); font-family: "Amazon Ember", Arial, sans-serif; font-size: 14px;"></div><div id="olp_feature_div" class="celwidget" data-feature-name="olp" data-csa-c-type="widget" data-csa-c-content-id="olp" data-csa-c-slot-id="olp_feature_div" data-csa-c-asin="B082GQNKRT" data-csa-c-is-in-initial-active-row="false" data-csa-c-id="7866ar-gfpfex-imo24j-8vnccx" data-cel-widget="olp_feature_div" style="color: rgb(15, 17, 17); font-family: "Amazon Ember", Arial, sans-serif; font-size: 14px;"><div id="all-offers-display" class="a-section" style="margin: 0px; position: fixed; right: -620px; width: 602px; bottom: 0px; z-index: 290; background-color: rgb(249, 251, 251); border-width: 0px; top: 0px; box-shadow: rgba(0, 0, 0, 0.25) -4px 0px 5px; text-align: initial; font-size: 13px; color: rgb(17, 17, 17); overflow: visible !important;"></div><span class="a-declarative" data-action="close-all-offers-display" data-csa-c-type="widget" data-csa-c-func-deps="aui-da-close-all-offers-display" data-close-all-offers-display="{}" data-csa-c-id="z0mnb7-h6dvov-8h6uyv-jzl6i2"></span></div><div id="edpIngress_feature_div" class="celwidget" data-feature-name="edpIngress" data-csa-c-type="widget" data-csa-c-content-id="edpIngress" data-csa-c-slot-id="edpIngress_feature_div" data-csa-c-asin="B082GQNKRT" data-csa-c-is-in-initial-active-row="false" data-csa-c-id="d0phly-ajqatt-bjjiym-kui8vs" data-cel-widget="edpIngress_feature_div" style="color: rgb(15, 17, 17); font-family: "Amazon Ember", Arial, sans-serif; font-size: 14px;"></div><div id="recommendations_feature_div" class="celwidget" data-feature-name="recommendations" data-csa-c-type="widget" data-csa-c-content-id="recommendations" data-csa-c-slot-id="recommendations_feature_div" data-csa-c-asin="B082GQNKRT" data-csa-c-is-in-initial-active-row="false" data-csa-c-id="qe5wmy-2a6vnt-ckw1sa-xf35fr" data-cel-widget="recommendations_feature_div" style="color: rgb(15, 17, 17); font-family: "Amazon Ember", Arial, sans-serif; font-size: 14px;"></div><div id="productAlert_feature_div" class="celwidget" data-feature-name="productAlert" data-csa-c-type="widget" data-csa-c-content-id="productAlert" data-csa-c-slot-id="productAlert_feature_div" data-csa-c-asin="B082GQNKRT" data-csa-c-is-in-initial-active-row="false" data-csa-c-id="ojt9t0-wa5lqw-i7sbae-lel2b7" data-cel-widget="productAlert_feature_div" style="display: table; color: rgb(15, 17, 17); font-family: "Amazon Ember", Arial, sans-serif; font-size: 14px;"><div id="universal-product-alert"><div class="a-section a-spacing-medium" style="margin-bottom: 0px;"><span class="a-text-bold" style="font-weight: 700 !important;">Note</span>: Products with electrical plugs are designed for use in the US. Outlets and voltage differ internationally and this product may require an adapter or converter for us</div></div></div>'),
	(12, 'MSI Gaming Radeon RX 6800 16GB GDDR6 ', '/images/products/12.jpg', '/', 747, ' <div id="featurebullets_feature_div" class="celwidget" data-feature-name="featurebullets" data-csa-c-type="widget" data-csa-c-content-id="featurebullets" data-csa-c-slot-id="featurebullets_feature_div" data-csa-c-asin="B0BDGJLQP5" data-csa-c-is-in-initial-active-row="false" data-cel-widget="featurebullets_feature_div" data-csa-c-id="6k0kcx-n3gule-cks3la-2c178t" style="color: rgb(15, 17, 17); font-family: "Amazon Ember", Arial, sans-serif; font-size: 14px;"><div id="feature-bullets" class="a-section a-spacing-medium a-spacing-top-small" style="margin-bottom: 0px; margin-top: 8px !important;"><h1 class="a-size-base-plus a-text-bold" style="padding: 0px 0px 4px; margin-right: 0px; margin-bottom: 0px; margin-left: 0px; text-rendering: optimizelegibility; font-weight: 700 !important; font-size: 16px !important; line-height: 24px !important;"><table class="a-normal a-spacing-micro" style="width: 306.188px; font-family: "Amazon Ember", Arial, sans-serif; font-size: 14px; font-weight: 400; margin-bottom: 4px !important;"><tbody><tr class="a-spacing-small po-graphics_coprocessor" style="margin-bottom: 8px !important;"><td class="a-span3" style="vertical-align: top; padding: 0px 3px 3px 0px; margin-right: 0px; width: 83.0312px; float: none !important;"><span class="a-size-base a-text-bold" style="font-weight: 700 !important; line-height: 20px !important;">Graphics Coprocessor</span></td><td class="a-span9" style="vertical-align: top; padding: 0px 0px 3px 3px; margin-right: 0px; width: 223.156px; float: none !important;"><span class="a-size-base" style="line-height: 20px !important;">AMD Radeon RX 6800</span></td></tr><tr class="a-spacing-small po-brand" style="margin-bottom: 8px !important;"><td class="a-span3" style="vertical-align: top; padding: 3px 3px 3px 0px; margin-right: 0px; width: 83.0312px; float: none !important;"><span class="a-size-base a-text-bold" style="font-weight: 700 !important; line-height: 20px !important;">Brand</span></td><td class="a-span9" style="vertical-align: top; padding: 3px 0px 3px 3px; margin-right: 0px; width: 223.156px; float: none !important;"><span class="a-size-base" style="line-height: 20px !important;">MSI</span></td></tr><tr class="a-spacing-small po-graphics_ram.size" style="margin-bottom: 8px !important;"><td class="a-span3" style="vertical-align: top; padding: 3px 3px 3px 0px; margin-right: 0px; width: 83.0312px; float: none !important;"><span class="a-size-base a-text-bold" style="font-weight: 700 !important; line-height: 20px !important;">Graphics Ram Size</span></td><td class="a-span9" style="vertical-align: top; padding: 3px 0px 3px 3px; margin-right: 0px; width: 223.156px; float: none !important;"><span class="a-size-base" style="line-height: 20px !important;">16 GB</span></td></tr><tr class="a-spacing-small po-gpu_clock_speed" style="margin-bottom: 8px !important;"><td class="a-span3" style="vertical-align: top; padding: 3px 3px 3px 0px; margin-right: 0px; width: 83.0312px; float: none !important;"><span class="a-size-base a-text-bold" style="font-weight: 700 !important; line-height: 20px !important;">GPU Clock Speed</span></td><td class="a-span9" style="vertical-align: top; padding: 3px 0px 3px 3px; margin-right: 0px; width: 223.156px; float: none !important;"><span class="a-size-base" style="line-height: 20px !important;">2155 MHz</span></td></tr><tr class="a-spacing-small po-video_output_interface" style="margin-bottom: 8px !important;"><td class="a-span3" style="vertical-align: top; padding: 3px 3px 0px 0px; margin-right: 0px; width: 83.0312px; float: none !important;"><span class="a-size-base a-text-bold" style="font-weight: 700 !important; line-height: 20px !important;">Video Output Interface</span></td><td class="a-span9" style="vertical-align: top; padding: 3px 0px 0px 3px; margin-right: 0px; width: 223.156px; float: none !important;"><span class="a-size-base" style="line-height: 20px !important;">DisplayPort</span></td></tr></tbody></table></h1><h1 class="a-size-base-plus a-text-bold" style="padding: 0px 0px 4px; margin-right: 0px; margin-bottom: 0px; margin-left: 0px; text-rendering: optimizelegibility; font-weight: 700 !important; font-size: 16px !important; line-height: 24px !important;">About this item</h1><ul class="a-unordered-list a-vertical a-spacing-mini" style="margin-right: 0px; margin-bottom: 0px; margin-left: 18px; padding: 0px;"><li style="list-style: disc; overflow-wrap: break-word; margin: 0px;"><span class="a-list-item">Chipset: Radeon RX 6800</span></li><li style="list-style: disc; overflow-wrap: break-word; margin: 0px;"><span class="a-list-item">Video Memory: 16GB GDDR6</span></li><li style="list-style: disc; overflow-wrap: break-word; margin: 0px;"><span class="a-list-item">Memory Interface: 256-bit</span></li><li style="list-style: disc; overflow-wrap: break-word; margin: 0px;"><span class="a-list-item">Output: DisplayPort x 3 (v1.4) / HDMI 2.1 x 1</span></li><li style="list-style: disc; overflow-wrap: break-word; margin: 0px;"><span class="a-list-item">Digital maximum resolution - 7680 x 4320</span></li></ul></div></div><div id="provenanceCertifications_feature_div" class="celwidget" data-feature-name="provenanceCertifications" data-csa-c-type="widget" data-csa-c-content-id="provenanceCertifications" data-csa-c-slot-id="provenanceCertifications_feature_div" data-csa-c-asin="B0BDGJLQP5" data-csa-c-is-in-initial-active-row="false" data-cel-widget="provenanceCertifications_feature_div" data-csa-c-id="oopm9p-pzkowq-e8aob7-2l9uq9" style="color: rgb(15, 17, 17); font-family: "Amazon Ember", Arial, sans-serif; font-size: 14px;"></div><div id="serviceCapabilities_feature_div" class="celwidget" data-feature-name="serviceCapabilities" data-csa-c-type="widget" data-csa-c-content-id="serviceCapabilities" data-csa-c-slot-id="serviceCapabilities_feature_div" data-csa-c-asin="B0BDGJLQP5" data-csa-c-is-in-initial-active-row="false" data-cel-widget="serviceCapabilities_feature_div" data-csa-c-id="cfwes4-cc0xlh-vh1m1x-mc0cnu" style="color: rgb(15, 17, 17); font-family: "Amazon Ember", Arial, sans-serif; font-size: 14px;"><div id="vas-service-capabilities" class="a-section a-spacing-none a-spacing-top-micro" style="margin-bottom: 0px; padding-top: 4px; max-width: 23rem; margin-top: 0px !important;"></div></div><div id="globalStoreInfoBullets_feature_div" class="celwidget" data-feature-name="globalStoreInfoBullets" data-csa-c-type="widget" data-csa-c-content-id="globalStoreInfoBullets" data-csa-c-slot-id="globalStoreInfoBullets_feature_div" data-csa-c-asin="B0BDGJLQP5" data-csa-c-is-in-initial-active-row="false" data-cel-widget="globalStoreInfoBullets_feature_div" data-csa-c-id="kebacu-brxlk6-hlf0e0-gpw9ck" style="color: rgb(15, 17, 17); font-family: "Amazon Ember", Arial, sans-serif; font-size: 14px;"></div><div id="vendorPoweredCoupon_feature_div" class="celwidget" data-feature-name="vendorPoweredCoupon" data-csa-c-type="widget" data-csa-c-content-id="vendorPoweredCoupon" data-csa-c-slot-id="vendorPoweredCoupon_feature_div" data-csa-c-asin="B0BDGJLQP5" data-csa-c-is-in-initial-active-row="false" data-cel-widget="vendorPoweredCoupon_feature_div" data-csa-c-id="ltm8va-64go97-4eat9q-qvg173" style="color: rgb(15, 17, 17); font-family: "Amazon Ember", Arial, sans-serif; font-size: 14px;"></div><div id="addOnItem_feature_div" class="celwidget" data-feature-name="addOnItem" data-csa-c-type="widget" data-csa-c-content-id="addOnItem" data-csa-c-slot-id="addOnItem_feature_div" data-csa-c-asin="B0BDGJLQP5" data-csa-c-is-in-initial-active-row="false" data-cel-widget="addOnItem_feature_div" data-csa-c-id="m9uav5-j5aqs6-ob4osb-t4kp9w" style="color: rgb(15, 17, 17); font-family: "Amazon Ember", Arial, sans-serif; font-size: 14px;"></div><div id="giftcard-holiday-availability-messaging_feature_div" class="celwidget" data-feature-name="giftCardHolidayAvailabilityMessaging" data-csa-c-type="widget" data-csa-c-content-id="giftCardHolidayAvailabilityMessaging" data-csa-c-slot-id="giftcard-holiday-availability-messaging_feature_div" data-csa-c-asin="B0BDGJLQP5" data-csa-c-is-in-initial-active-row="false" data-cel-widget="giftcard-holiday-availability-messaging_feature_div" data-csa-c-id="5o6f1n-rv2ytr-2y53hz-qe0ndv" style="color: rgb(15, 17, 17); font-family: "Amazon Ember", Arial, sans-serif; font-size: 14px;"></div><div id="andonCord_feature_div" class="celwidget" data-feature-name="andonCord" data-csa-c-type="widget" data-csa-c-content-id="andonCord" data-csa-c-slot-id="andonCord_feature_div" data-csa-c-asin="B0BDGJLQP5" data-csa-c-is-in-initial-active-row="false" data-cel-widget="andonCord_feature_div" data-csa-c-id="yfn3cc-qu3seh-19jwep-g3cvcu" style="color: rgb(15, 17, 17); font-family: "Amazon Ember", Arial, sans-serif; font-size: 14px;"></div><div id="olp_feature_div" class="celwidget" data-feature-name="olp" data-csa-c-type="widget" data-csa-c-content-id="olp" data-csa-c-slot-id="olp_feature_div" data-csa-c-asin="B0BDGJLQP5" data-csa-c-is-in-initial-active-row="false" data-cel-widget="olp_feature_div" data-csa-c-id="3ol2lj-r8hzro-y6usyy-6a33ds" style="color: rgb(15, 17, 17); font-family: "Amazon Ember", Arial, sans-serif; font-size: 14px;"><div id="all-offers-display" class="a-section" style="margin: 0px; position: fixed; right: -620px; width: 602px; bottom: 0px; z-index: 290; background-color: rgb(249, 251, 251); border-width: 0px; top: 0px; box-shadow: rgba(0, 0, 0, 0.25) -4px 0px 5px; text-align: initial; font-size: 13px; color: rgb(17, 17, 17); overflow: visible !important;"></div><span class="a-declarative" data-action="close-all-offers-display" data-csa-c-type="widget" data-csa-c-func-deps="aui-da-close-all-offers-display" data-close-all-offers-display="{}" data-csa-c-id="sferp3-k9erjj-dykjan-6mmmtj"></span></div><div id="edpIngress_feature_div" class="celwidget" data-feature-name="edpIngress" data-csa-c-type="widget" data-csa-c-content-id="edpIngress" data-csa-c-slot-id="edpIngress_feature_div" data-csa-c-asin="B0BDGJLQP5" data-csa-c-is-in-initial-active-row="false" data-cel-widget="edpIngress_feature_div" data-csa-c-id="2ic56g-rkq1om-ddzhot-cpcooz" style="color: rgb(15, 17, 17); font-family: "Amazon Ember", Arial, sans-serif; font-size: 14px;"></div><div id="recommendations_feature_div" class="celwidget" data-feature-name="recommendations" data-csa-c-type="widget" data-csa-c-content-id="recommendations" data-csa-c-slot-id="recommendations_feature_div" data-csa-c-asin="B0BDGJLQP5" data-csa-c-is-in-initial-active-row="false" data-cel-widget="recommendations_feature_div" data-csa-c-id="f7ndqw-rg1lv7-p0avvn-y6h0g7" style="color: rgb(15, 17, 17); font-family: "Amazon Ember", Arial, sans-serif; font-size: 14px;"></div><div id="productAlert_feature_div" class="celwidget" data-feature-name="productAlert" data-csa-c-type="widget" data-csa-c-content-id="productAlert" data-csa-c-slot-id="productAlert_feature_div" data-csa-c-asin="B0BDGJLQP5" data-csa-c-is-in-initial-active-row="false" data-cel-widget="productAlert_feature_div" data-csa-c-id="s47edm-f9xu3w-fcnl4x-3e0m4d" style="display: table; color: rgb(15, 17, 17); font-family: "Amazon Ember", Arial, sans-serif; font-size: 14px;"><div id="universal-product-alert"><div class="a-section a-spacing-medium" style="margin-bottom: 0px;"><span class="a-text-bold" style="font-weight: 700 !important;">Note</span>: Products with electrical plugs are designed for use in the US. Outlets and voltage differ internationally and this product may require an adapter or converter for use in your destination. Please check compatibility before purchasing.</div></div></div>'),
	(13, 'ASUS ROG-STRIX-RTX3070TI-O8G-GAMING', '/images/products/13.jpg', '/', 842, ' <div id="featurebullets_feature_div" class="celwidget" data-feature-name="featurebullets" data-csa-c-type="widget" data-csa-c-content-id="featurebullets" data-csa-c-slot-id="featurebullets_feature_div" data-csa-c-asin="B0B84S95L4" data-csa-c-is-in-initial-active-row="false" data-csa-c-id="amit9t-3set4a-9hh0x8-mlnjsx" data-cel-widget="featurebullets_feature_div" style="color: rgb(15, 17, 17); font-family: "Amazon Ember", Arial, sans-serif; font-size: 14px;"><div id="feature-bullets" class="a-section a-spacing-medium a-spacing-top-small" style="margin-bottom: 0px; margin-top: 8px !important;"><h1 class="a-size-base-plus a-text-bold" style="padding: 0px 0px 4px; margin-right: 0px; margin-bottom: 0px; margin-left: 0px; text-rendering: optimizelegibility; font-weight: 700 !important; font-size: 16px !important; line-height: 24px !important;"><br></h1><h1 class="a-size-base-plus a-text-bold" style="padding: 0px 0px 4px; margin-right: 0px; margin-bottom: 0px; margin-left: 0px; text-rendering: optimizelegibility; font-weight: 700 !important; font-size: 16px !important; line-height: 24px !important;"><table class="a-normal a-spacing-micro" style="width: 440.047px; font-family: "Amazon Ember", Arial, sans-serif; font-size: 14px; font-weight: 400; margin-bottom: 4px !important;"><tbody><tr class="a-spacing-small po-brand" style="margin-bottom: 8px !important;"><td class="a-span3" style="vertical-align: top; padding: 0px 3px 3px 0px; margin-right: 0px; width: 115.203px; float: none !important;"><span class="a-size-base a-text-bold" style="font-weight: 700 !important; line-height: 20px !important;">Brand</span></td><td class="a-span9" style="vertical-align: top; padding: 0px 0px 3px 3px; margin-right: 0px; width: 324.844px; float: none !important;"><span class="a-size-base" style="line-height: 20px !important;">ASUS</span></td></tr><tr class="a-spacing-small po-video_output_interface" style="margin-bottom: 8px !important;"><td class="a-span3" style="vertical-align: top; padding: 3px 3px 3px 0px; margin-right: 0px; width: 115.203px; float: none !important;"><span class="a-size-base a-text-bold" style="font-weight: 700 !important; line-height: 20px !important;">Video Output Interface</span></td><td class="a-span9" style="vertical-align: top; padding: 3px 0px 3px 3px; margin-right: 0px; width: 324.844px; float: none !important;"><span class="a-size-base" style="line-height: 20px !important;">HDMI</span></td></tr><tr class="a-spacing-small po-graphics_processor_manufacturer" style="margin-bottom: 8px !important;"><td class="a-span3" style="vertical-align: top; padding: 3px 3px 3px 0px; margin-right: 0px; width: 115.203px; float: none !important;"><span class="a-size-base a-text-bold" style="font-weight: 700 !important; line-height: 20px !important;">Chipset Brand</span></td><td class="a-span9" style="vertical-align: top; padding: 3px 0px 3px 3px; margin-right: 0px; width: 324.844px; float: none !important;"><span class="a-size-base" style="line-height: 20px !important;">NVIDIA</span></td></tr><tr class="a-spacing-small po-compatible_devices" style="margin-bottom: 8px !important;"><td class="a-span3" style="vertical-align: top; padding: 3px 3px 3px 0px; margin-right: 0px; width: 115.203px; float: none !important;"><span class="a-size-base a-text-bold" style="font-weight: 700 !important; line-height: 20px !important;">Compatible Devices</span></td><td class="a-span9" style="vertical-align: top; padding: 3px 0px 3px 3px; margin-right: 0px; width: 324.844px; float: none !important;"><span class="a-size-base" style="line-height: 20px !important;">Desktop</span></td></tr><tr class="a-spacing-small po-model_name" style="margin-bottom: 8px !important;"><td class="a-span3" style="vertical-align: top; padding: 3px 3px 0px 0px; margin-right: 0px; width: 115.203px; float: none !important;"><span class="a-size-base a-text-bold" style="font-weight: 700 !important; line-height: 20px !important;">Series</span></td><td class="a-span9" style="vertical-align: top; padding: 3px 0px 0px 3px; margin-right: 0px; width: 324.844px; float: none !important;"><span class="a-size-base" style="line-height: 20px !important;">RTX3070TI-O8G-GAMING Graphic Card</span></td></tr></tbody></table></h1><h1 class="a-size-base-plus a-text-bold" style="padding: 0px 0px 4px; margin-right: 0px; margin-bottom: 0px; margin-left: 0px; text-rendering: optimizelegibility; font-weight: 700 !important; font-size: 16px !important; line-height: 24px !important;"><table class="a-normal a-spacing-micro" style="width: 440.047px; font-family: "Amazon Ember", Arial, sans-serif; font-size: 14px; font-weight: 400; margin-bottom: 4px !important;"><tbody><tr class="a-spacing-small po-model_name" style="margin-bottom: 8px !important;"><td class="a-span9" style="vertical-align: top; padding: 3px 0px 0px 3px; margin-right: 0px; width: 324.844px; float: none !important;"><span class="a-size-base" style="line-height: 20px !important;"><br></span></td></tr></tbody></table></h1><h1 class="a-size-base-plus a-text-bold" style="padding: 0px 0px 4px; margin-right: 0px; margin-bottom: 0px; margin-left: 0px; text-rendering: optimizelegibility; font-weight: 700 !important; font-size: 16px !important; line-height: 24px !important;"><table class="a-normal a-spacing-micro" style="width: 440.047px; font-family: "Amazon Ember", Arial, sans-serif; font-size: 14px; font-weight: 400; margin-bottom: 4px !important;"><tbody><tr class="a-spacing-small po-model_name" style="margin-bottom: 8px !important;"><td class="a-span9" style="vertical-align: top; padding: 3px 0px 0px 3px; margin-right: 0px; width: 324.844px; float: none !important;"><span class="a-size-base" style="line-height: 20px !important;"><br></span></td></tr></tbody></table></h1><h1 class="a-size-base-plus a-text-bold" style="padding: 0px 0px 4px; margin-right: 0px; margin-bottom: 0px; margin-left: 0px; text-rendering: optimizelegibility; font-weight: 700 !important; font-size: 16px !important; line-height: 24px !important;">About this item</h1><ul class="a-unordered-list a-vertical a-spacing-mini" style="margin-right: 0px; margin-bottom: 0px; margin-left: 18px; padding: 0px;"><li style="list-style: disc; overflow-wrap: break-word; margin: 0px;"><span class="a-list-item">NVIDIA Ampere Streaming Multiprocessors: The building blocks for the world’s fastest, most efficient GPU, the all-new Ampere SM brings 2X the FP32 throughput and improved power efficiency.</span></li><li style="list-style: disc; overflow-wrap: break-word; margin: 0px;"><span class="a-list-item">2nd Generation RT Cores: Experience 2X the throughput of 1st gen RT Cores, plus concurrent RT and shading for a whole new level of ray tracing performance.</span></li><li style="list-style: disc; overflow-wrap: break-word; margin: 0px;"><span class="a-list-item">3rd Generation Tensor Cores: Get up to 2X the throughput with structural sparsity and advanced AI algorithms such as DLSS. Now with support for up to 8K resolution, these cores deliver a massive boost in game performance and all-new AI capabilities.</span></li><li style="list-style: disc; overflow-wrap: break-word; margin: 0px;"><span class="a-list-item">Stand design is compatible with a variety of chassis and doesn’t occupy PCIe slots.</span></li><li style="list-style: disc; overflow-wrap: break-word; margin: 0px;"><span class="a-list-item">Offers a support height of 72-128 mm, delivering a strong, adaptable design.</span></li><li style="list-style: disc; overflow-wrap: break-word; margin: 0px;"><span class="a-list-item">An adjustable wheel and release button enable easy, toolless setup and removal.</span></li></ul></div></div><div id="provenanceCertifications_feature_div" class="celwidget" data-feature-name="provenanceCertifications" data-csa-c-type="widget" data-csa-c-content-id="provenanceCertifications" data-csa-c-slot-id="provenanceCertifications_feature_div" data-csa-c-asin="B0B84S95L4" data-csa-c-is-in-initial-active-row="false" data-csa-c-id="n3xes-a65vyo-7w2p3e-hbhhxp" data-cel-widget="provenanceCertifications_feature_div" style="color: rgb(15, 17, 17); font-family: "Amazon Ember", Arial, sans-serif; font-size: 14px;"></div><div id="serviceCapabilities_feature_div" class="celwidget" data-feature-name="serviceCapabilities" data-csa-c-type="widget" data-csa-c-content-id="serviceCapabilities" data-csa-c-slot-id="serviceCapabilities_feature_div" data-csa-c-asin="B0B84S95L4" data-csa-c-is-in-initial-active-row="false" data-csa-c-id="su71qj-yiqrm5-hz0ytn-n9do7y" data-cel-widget="serviceCapabilities_feature_div" style="color: rgb(15, 17, 17); font-family: "Amazon Ember", Arial, sans-serif; font-size: 14px;"><div id="vas-service-capabilities" class="a-section a-spacing-none a-spacing-top-micro" style="margin-bottom: 0px; padding-top: 4px; max-width: 23rem; margin-top: 0px !important;"></div></div><div id="globalStoreInfoBullets_feature_div" class="celwidget" data-feature-name="globalStoreInfoBullets" data-csa-c-type="widget" data-csa-c-content-id="globalStoreInfoBullets" data-csa-c-slot-id="globalStoreInfoBullets_feature_div" data-csa-c-asin="B0B84S95L4" data-csa-c-is-in-initial-active-row="false" data-csa-c-id="mgi06x-38k1rk-hmjsuh-o60661" data-cel-widget="globalStoreInfoBullets_feature_div" style="color: rgb(15, 17, 17); font-family: "Amazon Ember", Arial, sans-serif; font-size: 14px;"></div><div id="vendorPoweredCoupon_feature_div" class="celwidget" data-feature-name="vendorPoweredCoupon" data-csa-c-type="widget" data-csa-c-content-id="vendorPoweredCoupon" data-csa-c-slot-id="vendorPoweredCoupon_feature_div" data-csa-c-asin="B0B84S95L4" data-csa-c-is-in-initial-active-row="false" data-csa-c-id="lgq72j-57jx8w-yc2lah-saho12" data-cel-widget="vendorPoweredCoupon_feature_div" style="color: rgb(15, 17, 17); font-family: "Amazon Ember", Arial, sans-serif; font-size: 14px;"></div><div id="addOnItem_feature_div" class="celwidget" data-feature-name="addOnItem" data-csa-c-type="widget" data-csa-c-content-id="addOnItem" data-csa-c-slot-id="addOnItem_feature_div" data-csa-c-asin="B0B84S95L4" data-csa-c-is-in-initial-active-row="false" data-csa-c-id="t5knwy-8a6fvh-yc60gx-za24oj" data-cel-widget="addOnItem_feature_div" style="color: rgb(15, 17, 17); font-family: "Amazon Ember", Arial, sans-serif; font-size: 14px;"></div><div id="giftcard-holiday-availability-messaging_feature_div" class="celwidget" data-feature-name="giftCardHolidayAvailabilityMessaging" data-csa-c-type="widget" data-csa-c-content-id="giftCardHolidayAvailabilityMessaging" data-csa-c-slot-id="giftcard-holiday-availability-messaging_feature_div" data-csa-c-asin="B0B84S95L4" data-csa-c-is-in-initial-active-row="false" data-csa-c-id="jvh6rf-8frbkd-q09rlk-n36ny" data-cel-widget="giftcard-holiday-availability-messaging_feature_div" style="color: rgb(15, 17, 17); font-family: "Amazon Ember", Arial, sans-serif; font-size: 14px;"></div><div id="andonCord_feature_div" class="celwidget" data-feature-name="andonCord" data-csa-c-type="widget" data-csa-c-content-id="andonCord" data-csa-c-slot-id="andonCord_feature_div" data-csa-c-asin="B0B84S95L4" data-csa-c-is-in-initial-active-row="false" data-csa-c-id="2ujfe5-jmqq3h-yzsmfu-y9bq88" data-cel-widget="andonCord_feature_div" style="color: rgb(15, 17, 17); font-family: "Amazon Ember", Arial, sans-serif; font-size: 14px;"></div><div id="olp_feature_div" class="celwidget" data-feature-name="olp" data-csa-c-type="widget" data-csa-c-content-id="olp" data-csa-c-slot-id="olp_feature_div" data-csa-c-asin="B0B84S95L4" data-csa-c-is-in-initial-active-row="false" data-csa-c-id="zfa51l-r1vino-o0xswi-h8keek" data-cel-widget="olp_feature_div" style="color: rgb(15, 17, 17); font-family: "Amazon Ember", Arial, sans-serif; font-size: 14px;"><div id="all-offers-display" class="a-section" style="margin: 0px; position: fixed; right: -620px; width: 602px; bottom: 0px; z-index: 290; background-color: rgb(249, 251, 251); border-width: 0px; top: 0px; box-shadow: rgba(0, 0, 0, 0.25) -4px 0px 5px; text-align: initial; font-size: 13px; color: rgb(17, 17, 17); overflow: visible !important;"></div><span class="a-declarative" data-action="close-all-offers-display" data-csa-c-type="widget" data-csa-c-func-deps="aui-da-close-all-offers-display" data-close-all-offers-display="{}" data-csa-c-id="1g073y-ongjym-y8d8wc-o3no5w"></span></div><div id="edpIngress_feature_div" class="celwidget" data-feature-name="edpIngress" data-csa-c-type="widget" data-csa-c-content-id="edpIngress" data-csa-c-slot-id="edpIngress_feature_div" data-csa-c-asin="B0B84S95L4" data-csa-c-is-in-initial-active-row="false" data-csa-c-id="90ftkg-i7ax4y-bramc8-m36jpk" data-cel-widget="edpIngress_feature_div" style="color: rgb(15, 17, 17); font-family: "Amazon Ember", Arial, sans-serif; font-size: 14px;"></div><div id="recommendations_feature_div" class="celwidget" data-feature-name="recommendations" data-csa-c-type="widget" data-csa-c-content-id="recommendations" data-csa-c-slot-id="recommendations_feature_div" data-csa-c-asin="B0B84S95L4" data-csa-c-is-in-initial-active-row="false" data-csa-c-id="54lzww-cfu4vj-fgn2is-hkeb7s" data-cel-widget="recommendations_feature_div" style="color: rgb(15, 17, 17); font-family: "Amazon Ember", Arial, sans-serif; font-size: 14px;"></div><div id="productAlert_feature_div" class="celwidget" data-feature-name="productAlert" data-csa-c-type="widget" data-csa-c-content-id="productAlert" data-csa-c-slot-id="productAlert_feature_div" data-csa-c-asin="B0B84S95L4" data-csa-c-is-in-initial-active-row="false" data-csa-c-id="my5w0b-kh3sju-5kfre-2fmz5w" data-cel-widget="productAlert_feature_div" style="display: table; color: rgb(15, 17, 17); font-family: "Amazon Ember", Arial, sans-serif; font-size: 14px;"><div id="product-alert-grid_feature_div"><div id="universal-product-alert"><div class="a-section a-spacing-medium" style="margin-bottom: 0px;"><span class="a-text-bold" style="font-weight: 700 !important;">Note</span>: Products with electrical plugs are designed for use in the US. Outlets and voltage differ internationally and this product may require an adapter or converter for use in your destination. Please check compatibility before purchasing.</div></div></div></div>'),
	(14, 'PNY TECHNOLOGIES Nvidia Quadro P2000', '/images/products/14.jpg', '/', 353, ' <div id="productOverview_feature_div" class="celwidget" data-feature-name="productOverview" data-csa-c-type="widget" data-csa-c-content-id="productOverview" data-csa-c-slot-id="productOverview_feature_div" data-csa-c-asin="B077V4L34S" data-csa-c-is-in-initial-active-row="false" data-csa-c-id="d523jh-my9nru-ajvyd5-vsz5e3" data-cel-widget="productOverview_feature_div" style="color: rgb(15, 17, 17); font-family: "Amazon Ember", Arial, sans-serif; font-size: 14px;"><div class="a-section a-spacing-small a-spacing-top-small" style="margin-bottom: 0px; margin-top: 8px !important;"><table class="a-normal a-spacing-micro" style="width: 440.047px; margin-bottom: 4px !important;"><tbody><tr class="a-spacing-small po-graphics_coprocessor" style="margin-bottom: 8px !important;"><td class="a-span3" style="vertical-align: top; padding: 0px 3px 3px 0px; margin-right: 0px; width: 115.203px; float: none !important;"><span class="a-size-base a-text-bold" style="font-weight: 700 !important; line-height: 20px !important;">Graphics Coprocessor</span></td><td class="a-span9" style="vertical-align: top; padding: 0px 0px 3px 3px; margin-right: 0px; width: 324.844px; float: none !important;"><span class="a-size-base" style="line-height: 20px !important;">NVIDIA Quadro P2000</span></td></tr><tr class="a-spacing-small po-brand" style="margin-bottom: 8px !important;"><td class="a-span3" style="vertical-align: top; padding: 3px 3px 3px 0px; margin-right: 0px; width: 115.203px; float: none !important;"><span class="a-size-base a-text-bold" style="font-weight: 700 !important; line-height: 20px !important;">Brand</span></td><td class="a-span9" style="vertical-align: top; padding: 3px 0px 3px 3px; margin-right: 0px; width: 324.844px; float: none !important;"><span class="a-size-base" style="line-height: 20px !important;">PNY</span></td></tr><tr class="a-spacing-small po-graphics_ram.size" style="margin-bottom: 8px !important;"><td class="a-span3" style="vertical-align: top; padding: 3px 3px 3px 0px; margin-right: 0px; width: 115.203px; float: none !important;"><span class="a-size-base a-text-bold" style="font-weight: 700 !important; line-height: 20px !important;">Graphics Ram Size</span></td><td class="a-span9" style="vertical-align: top; padding: 3px 0px 3px 3px; margin-right: 0px; width: 324.844px; float: none !important;"><span class="a-size-base" style="line-height: 20px !important;">5 GB</span></td></tr><tr class="a-spacing-small po-video_output_interface" style="margin-bottom: 8px !important;"><td class="a-span3" style="vertical-align: top; padding: 3px 3px 3px 0px; margin-right: 0px; width: 115.203px; float: none !important;"><span class="a-size-base a-text-bold" style="font-weight: 700 !important; line-height: 20px !important;">Video Output Interface</span></td><td class="a-span9" style="vertical-align: top; padding: 3px 0px 3px 3px; margin-right: 0px; width: 324.844px; float: none !important;"><span class="a-size-base" style="line-height: 20px !important;">DisplayPort</span></td></tr><tr class="a-spacing-small po-graphics_processor_manufacturer" style="margin-bottom: 8px !important;"><td class="a-span3" style="vertical-align: top; padding: 3px 3px 0px 0px; margin-right: 0px; width: 115.203px; float: none !important;"><span class="a-size-base a-text-bold" style="font-weight: 700 !important; line-height: 20px !important;">Chipset Brand</span></td><td class="a-span9" style="vertical-align: top; padding: 3px 0px 0px 3px; margin-right: 0px; width: 324.844px; float: none !important;"><span class="a-size-base" style="line-height: 20px !important;">NVIDIA</span></td></tr></tbody></table></div></div><div id="featurebullets_feature_div" class="celwidget" data-feature-name="featurebullets" data-csa-c-type="widget" data-csa-c-content-id="featurebullets" data-csa-c-slot-id="featurebullets_feature_div" data-csa-c-asin="B077V4L34S" data-csa-c-is-in-initial-active-row="false" data-csa-c-id="la2wnj-5s9xzp-yq10ei-9takd3" data-cel-widget="featurebullets_feature_div" style="color: rgb(15, 17, 17); font-family: "Amazon Ember", Arial, sans-serif; font-size: 14px;"><div id="feature-bullets" class="a-section a-spacing-medium a-spacing-top-small" style="margin-bottom: 0px; margin-top: 8px !important;"></div></div><div id="provenanceCertifications_feature_div" class="celwidget" data-feature-name="provenanceCertifications" data-csa-c-type="widget" data-csa-c-content-id="provenanceCertifications" data-csa-c-slot-id="provenanceCertifications_feature_div" data-csa-c-asin="B077V4L34S" data-csa-c-is-in-initial-active-row="false" data-csa-c-id="opivao-xpoxrr-duefj6-icutck" data-cel-widget="provenanceCertifications_feature_div" style="color: rgb(15, 17, 17); font-family: "Amazon Ember", Arial, sans-serif; font-size: 14px;"></div><div id="serviceCapabilities_feature_div" class="celwidget" data-feature-name="serviceCapabilities" data-csa-c-type="widget" data-csa-c-content-id="serviceCapabilities" data-csa-c-slot-id="serviceCapabilities_feature_div" data-csa-c-asin="B077V4L34S" data-csa-c-is-in-initial-active-row="false" data-csa-c-id="47zcvt-rsn1b-r277bs-f96ap7" data-cel-widget="serviceCapabilities_feature_div" style="color: rgb(15, 17, 17); font-family: "Amazon Ember", Arial, sans-serif; font-size: 14px;"><div id="vas-service-capabilities" class="a-section a-spacing-none a-spacing-top-micro" style="margin-bottom: 0px; padding-top: 4px; max-width: 23rem; margin-top: 0px !important;"></div></div><div id="globalStoreInfoBullets_feature_div" class="celwidget" data-feature-name="globalStoreInfoBullets" data-csa-c-type="widget" data-csa-c-content-id="globalStoreInfoBullets" data-csa-c-slot-id="globalStoreInfoBullets_feature_div" data-csa-c-asin="B077V4L34S" data-csa-c-is-in-initial-active-row="false" data-csa-c-id="a4iokl-7rilg4-jjkhx-ps607h" data-cel-widget="globalStoreInfoBullets_feature_div" style="color: rgb(15, 17, 17); font-family: "Amazon Ember", Arial, sans-serif; font-size: 14px;"></div><div id="vendorPoweredCoupon_feature_div" class="celwidget" data-feature-name="vendorPoweredCoupon" data-csa-c-type="widget" data-csa-c-content-id="vendorPoweredCoupon" data-csa-c-slot-id="vendorPoweredCoupon_feature_div" data-csa-c-asin="B077V4L34S" data-csa-c-is-in-initial-active-row="false" data-csa-c-id="r9f6gw-4a02g3-bjeydl-sqezr8" data-cel-widget="vendorPoweredCoupon_feature_div" style="color: rgb(15, 17, 17); font-family: "Amazon Ember", Arial, sans-serif; font-size: 14px;"></div><div id="addOnItem_feature_div" class="celwidget" data-feature-name="addOnItem" data-csa-c-type="widget" data-csa-c-content-id="addOnItem" data-csa-c-slot-id="addOnItem_feature_div" data-csa-c-asin="B077V4L34S" data-csa-c-is-in-initial-active-row="false" data-csa-c-id="2k28hd-5p5lhn-cfsfhe-zad8jy" data-cel-widget="addOnItem_feature_div" style="color: rgb(15, 17, 17); font-family: "Amazon Ember", Arial, sans-serif; font-size: 14px;"></div><div id="giftcard-holiday-availability-messaging_feature_div" class="celwidget" data-feature-name="giftCardHolidayAvailabilityMessaging" data-csa-c-type="widget" data-csa-c-content-id="giftCardHolidayAvailabilityMessaging" data-csa-c-slot-id="giftcard-holiday-availability-messaging_feature_div" data-csa-c-asin="B077V4L34S" data-csa-c-is-in-initial-active-row="false" data-csa-c-id="ow1amu-ndmf4p-b7b1km-6j8pbc" data-cel-widget="giftcard-holiday-availability-messaging_feature_div" style="color: rgb(15, 17, 17); font-family: "Amazon Ember", Arial, sans-serif; font-size: 14px;"></div><div id="andonCord_feature_div" class="celwidget" data-feature-name="andonCord" data-csa-c-type="widget" data-csa-c-content-id="andonCord" data-csa-c-slot-id="andonCord_feature_div" data-csa-c-asin="B077V4L34S" data-csa-c-is-in-initial-active-row="false" data-csa-c-id="q94gu4-uscxu7-aitulo-h2an10" data-cel-widget="andonCord_feature_div" style="color: rgb(15, 17, 17); font-family: "Amazon Ember", Arial, sans-serif; font-size: 14px;"></div><div id="olp_feature_div" class="celwidget" data-feature-name="olp" data-csa-c-type="widget" data-csa-c-content-id="olp" data-csa-c-slot-id="olp_feature_div" data-csa-c-asin="B077V4L34S" data-csa-c-is-in-initial-active-row="false" data-csa-c-id="3yb7lq-vsh09n-d0zjh7-ukcajq" data-cel-widget="olp_feature_div" style="color: rgb(15, 17, 17); font-family: "Amazon Ember", Arial, sans-serif; font-size: 14px;"><div id="all-offers-display" class="a-section" style="margin: 0px; position: fixed; right: -620px; width: 602px; bottom: 0px; z-index: 290; background-color: rgb(249, 251, 251); border-width: 0px; top: 0px; box-shadow: rgba(0, 0, 0, 0.25) -4px 0px 5px; text-align: initial; font-size: 13px; color: rgb(17, 17, 17); overflow: visible !important;"></div><span class="a-declarative" data-action="close-all-offers-display" data-csa-c-type="widget" data-csa-c-func-deps="aui-da-close-all-offers-display" data-close-all-offers-display="{}" data-csa-c-id="osydve-zcg17m-iwqi83-d59p07"></span></div><div id="edpIngress_feature_div" class="celwidget" data-feature-name="edpIngress" data-csa-c-type="widget" data-csa-c-content-id="edpIngress" data-csa-c-slot-id="edpIngress_feature_div" data-csa-c-asin="B077V4L34S" data-csa-c-is-in-initial-active-row="false" data-csa-c-id="tn77al-5mtoo1-47d7a4-6hjh21" data-cel-widget="edpIngress_feature_div" style="color: rgb(15, 17, 17); font-family: "Amazon Ember", Arial, sans-serif; font-size: 14px;"></div><div id="recommendations_feature_div" class="celwidget" data-feature-name="recommendations" data-csa-c-type="widget" data-csa-c-content-id="recommendations" data-csa-c-slot-id="recommendations_feature_div" data-csa-c-asin="B077V4L34S" data-csa-c-is-in-initial-active-row="false" data-csa-c-id="7vyznb-7k4069-ec7x5h-3foaeu" data-cel-widget="recommendations_feature_div" style="color: rgb(15, 17, 17); font-family: "Amazon Ember", Arial, sans-serif; font-size: 14px;"></div><div id="productAlert_feature_div" class="celwidget" data-feature-name="productAlert" data-csa-c-type="widget" data-csa-c-content-id="productAlert" data-csa-c-slot-id="productAlert_feature_div" data-csa-c-asin="B077V4L34S" data-csa-c-is-in-initial-active-row="false" data-csa-c-id="bpivql-5aut93-a4wabh-nb7sug" data-cel-widget="productAlert_feature_div" style="display: table; color: rgb(15, 17, 17); font-family: "Amazon Ember", Arial, sans-serif; font-size: 14px;"><div id="universal-product-alert"><div class="a-section a-spacing-medium" style="margin-bottom: 0px;"><span class="a-text-bold" style="font-weight: 700 !important;">Note</span>: Products with electrical plugs are designed for use in the US. Outlets and voltage differ internationally and this product may require an adapter or converter for use in your destination. Please check compatibility before purchasing</div></div></div>'),
	(15, 'Radeon RX 6700 XT Eagle 12G Graphics Card, WINDFORCE 3X Cooling System', '/images/products/15.jpg', '/', 600, ' <div id="productOverview_feature_div" class="celwidget" data-feature-name="productOverview" data-csa-c-type="widget" data-csa-c-content-id="productOverview" data-csa-c-slot-id="productOverview_feature_div" data-csa-c-asin="B08Z4J6NHW" data-csa-c-is-in-initial-active-row="false" data-csa-c-id="u8xods-dobkt9-3s7exo-enkufk" data-cel-widget="productOverview_feature_div" style="color: rgb(15, 17, 17); font-family: "Amazon Ember", Arial, sans-serif; font-size: 14px;"><div class="a-section a-spacing-small a-spacing-top-small" style="margin-bottom: 0px; margin-top: 8px !important;"><table class="a-normal a-spacing-micro" style="width: 440.047px; margin-bottom: 4px !important;"><tbody><tr class="a-spacing-small po-graphics_coprocessor" style="margin-bottom: 8px !important;"><td class="a-span3" style="vertical-align: top; padding: 0px 3px 3px 0px; margin-right: 0px; width: 115.203px; float: none !important;"><span class="a-size-base a-text-bold" style="font-weight: 700 !important; line-height: 20px !important;">Graphics Coprocessor</span></td><td class="a-span9" style="vertical-align: top; padding: 0px 0px 3px 3px; margin-right: 0px; width: 324.844px; float: none !important;"><span class="a-size-base" style="line-height: 20px !important;">RX 6700 XT</span></td></tr><tr class="a-spacing-small po-brand" style="margin-bottom: 8px !important;"><td class="a-span3" style="vertical-align: top; padding: 3px 3px 3px 0px; margin-right: 0px; width: 115.203px; float: none !important;"><span class="a-size-base a-text-bold" style="font-weight: 700 !important; line-height: 20px !important;">Brand</span></td><td class="a-span9" style="vertical-align: top; padding: 3px 0px 3px 3px; margin-right: 0px; width: 324.844px; float: none !important;"><span class="a-size-base" style="line-height: 20px !important;">Gigabyte</span></td></tr><tr class="a-spacing-small po-graphics_ram.size" style="margin-bottom: 8px !important;"><td class="a-span3" style="vertical-align: top; padding: 3px 3px 3px 0px; margin-right: 0px; width: 115.203px; float: none !important;"><span class="a-size-base a-text-bold" style="font-weight: 700 !important; line-height: 20px !important;">Graphics Ram Size</span></td><td class="a-span9" style="vertical-align: top; padding: 3px 0px 3px 3px; margin-right: 0px; width: 324.844px; float: none !important;"><span class="a-size-base" style="line-height: 20px !important;">12 GB</span></td></tr><tr class="a-spacing-small po-gpu_clock_speed" style="margin-bottom: 8px !important;"><td class="a-span3" style="vertical-align: top; padding: 3px 3px 3px 0px; margin-right: 0px; width: 115.203px; float: none !important;"><span class="a-size-base a-text-bold" style="font-weight: 700 !important; line-height: 20px !important;">GPU Clock Speed</span></td><td class="a-span9" style="vertical-align: top; padding: 3px 0px 3px 3px; margin-right: 0px; width: 324.844px; float: none !important;"><span class="a-size-base" style="line-height: 20px !important;">2424 MHz</span></td></tr><tr class="a-spacing-small po-video_output_interface" style="margin-bottom: 8px !important;"><td class="a-span3" style="vertical-align: top; padding: 3px 3px 0px 0px; margin-right: 0px; width: 115.203px; float: none !important;"><span class="a-size-base a-text-bold" style="font-weight: 700 !important; line-height: 20px !important;">Video Output Interface</span></td><td class="a-span9" style="vertical-align: top; padding: 3px 0px 0px 3px; margin-right: 0px; width: 324.844px; float: none !important;"><span class="a-size-base" style="line-height: 20px !important;">DisplayPort, HDMI</span></td></tr></tbody></table></div></div><div id="featurebullets_feature_div" class="celwidget" data-feature-name="featurebullets" data-csa-c-type="widget" data-csa-c-content-id="featurebullets" data-csa-c-slot-id="featurebullets_feature_div" data-csa-c-asin="B08Z4J6NHW" data-csa-c-is-in-initial-active-row="false" data-csa-c-id="hrx9f6-mt3k9b-sgmivs-dwip71" data-cel-widget="featurebullets_feature_div" style="color: rgb(15, 17, 17); font-family: "Amazon Ember", Arial, sans-serif; font-size: 14px;"><div id="feature-bullets" class="a-section a-spacing-medium a-spacing-top-small" style="margin-bottom: 0px; margin-top: 8px !important;"><hr style="box-sizing: border-box; background-color: transparent; border-top-color: rgb(231, 231, 231); height: 1px; line-height: 19px; margin-bottom: 14px; margin-top: 0px;"><h1 class="a-size-base-plus a-text-bold" style="padding: 0px 0px 4px; margin-right: 0px; margin-bottom: 0px; margin-left: 0px; text-rendering: optimizelegibility; font-weight: 700 !important; font-size: 16px !important; line-height: 24px !important;">About this item</h1><ul class="a-unordered-list a-vertical a-spacing-mini" style="margin-right: 0px; margin-bottom: 0px; margin-left: 18px; padding: 0px;"><li style="list-style: disc; overflow-wrap: break-word; margin: 0px;"><span class="a-list-item">Powered by AMD RDNA 2 Radeon RX 6700 XT</span></li><li style="list-style: disc; overflow-wrap: break-word; margin: 0px;"><span class="a-list-item">Integrated with 12GB GDDR6 192-bit memory interface</span></li><li style="list-style: disc; overflow-wrap: break-word; margin: 0px;"><span class="a-list-item">WINDFORCE 3X Cooling System with alternate spinning fans</span></li><li style="list-style: disc; overflow-wrap: break-word; margin: 0px;"><span class="a-list-item">Screen cooling</span></li><li style="list-style: disc; overflow-wrap: break-word; margin: 0px;"><span class="a-list-item">2x DisplayPort 1.4a</span></li></ul></div></div><div id="provenanceCertifications_feature_div" class="celwidget" data-feature-name="provenanceCertifications" data-csa-c-type="widget" data-csa-c-content-id="provenanceCertifications" data-csa-c-slot-id="provenanceCertifications_feature_div" data-csa-c-asin="B08Z4J6NHW" data-csa-c-is-in-initial-active-row="false" data-csa-c-id="v3rb1y-8e0xq2-hqoxum-isnmpw" data-cel-widget="provenanceCertifications_feature_div" style="color: rgb(15, 17, 17); font-family: "Amazon Ember", Arial, sans-serif; font-size: 14px;"></div><div id="serviceCapabilities_feature_div" class="celwidget" data-feature-name="serviceCapabilities" data-csa-c-type="widget" data-csa-c-content-id="serviceCapabilities" data-csa-c-slot-id="serviceCapabilities_feature_div" data-csa-c-asin="B08Z4J6NHW" data-csa-c-is-in-initial-active-row="false" data-csa-c-id="qidxa0-qr8hrs-175mk7-mm3fcb" data-cel-widget="serviceCapabilities_feature_div" style="color: rgb(15, 17, 17); font-family: "Amazon Ember", Arial, sans-serif; font-size: 14px;"><div id="vas-service-capabilities" class="a-section a-spacing-none a-spacing-top-micro" style="margin-bottom: 0px; padding-top: 4px; max-width: 23rem; margin-top: 0px !important;"></div></div><div id="globalStoreInfoBullets_feature_div" class="celwidget" data-feature-name="globalStoreInfoBullets" data-csa-c-type="widget" data-csa-c-content-id="globalStoreInfoBullets" data-csa-c-slot-id="globalStoreInfoBullets_feature_div" data-csa-c-asin="B08Z4J6NHW" data-csa-c-is-in-initial-active-row="false" data-csa-c-id="1pesh5-cvlte4-uu59io-v2q5i4" data-cel-widget="globalStoreInfoBullets_feature_div" style="color: rgb(15, 17, 17); font-family: "Amazon Ember", Arial, sans-serif; font-size: 14px;"></div><div id="vendorPoweredCoupon_feature_div" class="celwidget" data-feature-name="vendorPoweredCoupon" data-csa-c-type="widget" data-csa-c-content-id="vendorPoweredCoupon" data-csa-c-slot-id="vendorPoweredCoupon_feature_div" data-csa-c-asin="B08Z4J6NHW" data-csa-c-is-in-initial-active-row="false" data-csa-c-id="uai3mj-i4myko-30bb8y-5fp7wv" data-cel-widget="vendorPoweredCoupon_feature_div" style="color: rgb(15, 17, 17); font-family: "Amazon Ember", Arial, sans-serif; font-size: 14px;"></div><div id="addOnItem_feature_div" class="celwidget" data-feature-name="addOnItem" data-csa-c-type="widget" data-csa-c-content-id="addOnItem" data-csa-c-slot-id="addOnItem_feature_div" data-csa-c-asin="B08Z4J6NHW" data-csa-c-is-in-initial-active-row="false" data-csa-c-id="o9p9r0-ze6gs6-ze4r72-8np4q1" data-cel-widget="addOnItem_feature_div" style="color: rgb(15, 17, 17); font-family: "Amazon Ember", Arial, sans-serif; font-size: 14px;"></div><div id="giftcard-holiday-availability-messaging_feature_div" class="celwidget" data-feature-name="giftCardHolidayAvailabilityMessaging" data-csa-c-type="widget" data-csa-c-content-id="giftCardHolidayAvailabilityMessaging" data-csa-c-slot-id="giftcard-holiday-availability-messaging_feature_div" data-csa-c-asin="B08Z4J6NHW" data-csa-c-is-in-initial-active-row="false" data-csa-c-id="qq3n5b-lqb0yn-ept9h3-jqyuey" data-cel-widget="giftcard-holiday-availability-messaging_feature_div" style="color: rgb(15, 17, 17); font-family: "Amazon Ember", Arial, sans-serif; font-size: 14px;"></div><div id="andonCord_feature_div" class="celwidget" data-feature-name="andonCord" data-csa-c-type="widget" data-csa-c-content-id="andonCord" data-csa-c-slot-id="andonCord_feature_div" data-csa-c-asin="B08Z4J6NHW" data-csa-c-is-in-initial-active-row="false" data-csa-c-id="xdklcm-el9a1l-syczt6-8jzvra" data-cel-widget="andonCord_feature_div" style="color: rgb(15, 17, 17); font-family: "Amazon Ember", Arial, sans-serif; font-size: 14px;"></div><div id="olp_feature_div" class="celwidget" data-feature-name="olp" data-csa-c-type="widget" data-csa-c-content-id="olp" data-csa-c-slot-id="olp_feature_div" data-csa-c-asin="B08Z4J6NHW" data-csa-c-is-in-initial-active-row="false" data-csa-c-id="q0dumw-33xspc-hvf3rl-v4qz5i" data-cel-widget="olp_feature_div" style="color: rgb(15, 17, 17); font-family: "Amazon Ember", Arial, sans-serif; font-size: 14px;"><div id="all-offers-display" class="a-section" style="margin: 0px; position: fixed; right: -620px; width: 602px; bottom: 0px; z-index: 290; background-color: rgb(249, 251, 251); border-width: 0px; top: 0px; box-shadow: rgba(0, 0, 0, 0.25) -4px 0px 5px; text-align: initial; font-size: 13px; color: rgb(17, 17, 17); overflow: visible !important;"></div><span class="a-declarative" data-action="close-all-offers-display" data-csa-c-type="widget" data-csa-c-func-deps="aui-da-close-all-offers-display" data-close-all-offers-display="{}" data-csa-c-id="cluwt0-dd05h0-2ejz1p-wav32t"></span></div><div id="edpIngress_feature_div" class="celwidget" data-feature-name="edpIngress" data-csa-c-type="widget" data-csa-c-content-id="edpIngress" data-csa-c-slot-id="edpIngress_feature_div" data-csa-c-asin="B08Z4J6NHW" data-csa-c-is-in-initial-active-row="false" data-csa-c-id="o48fyl-1aplqc-6d89s9-hoabfh" data-cel-widget="edpIngress_feature_div" style="color: rgb(15, 17, 17); font-family: "Amazon Ember", Arial, sans-serif; font-size: 14px;"></div><div id="recommendations_feature_div" class="celwidget" data-feature-name="recommendations" data-csa-c-type="widget" data-csa-c-content-id="recommendations" data-csa-c-slot-id="recommendations_feature_div" data-csa-c-asin="B08Z4J6NHW" data-csa-c-is-in-initial-active-row="false" data-csa-c-id="l0hyyj-cd7zxv-dwsey1-8t9vr0" data-cel-widget="recommendations_feature_div" style="color: rgb(15, 17, 17); font-family: "Amazon Ember", Arial, sans-serif; font-size: 14px;"></div><div id="productAlert_feature_div" class="celwidget" data-feature-name="productAlert" data-csa-c-type="widget" data-csa-c-content-id="productAlert" data-csa-c-slot-id="productAlert_feature_div" data-csa-c-asin="B08Z4J6NHW" data-csa-c-is-in-initial-active-row="false" data-csa-c-id="jgwc0p-nwm9k2-38v1c-fot6ap" data-cel-widget="productAlert_feature_div" style="display: table; color: rgb(15, 17, 17); font-family: "Amazon Ember", Arial, sans-serif; font-size: 14px;"><div id="universal-product-alert"><div class="a-section a-spacing-medium" style="margin-bottom: 0px;"><span class="a-text-bold" style="font-weight: 700 !important;">Note</span>: Products with electrical plugs are designed for use in the US. Outlets and voltage differ internationally and this product may require an adapter or converter for use in your destination. Please check compatibility before purchasing.</div></div></div>'),
	(16, 'VisionTek Radeon 7750 SFF 1GB DDR3 3M (2x HDMI, miniDP)', '/images/products/16.jpg', '/', 20, ' <div id="productOverview_feature_div" class="celwidget" data-feature-name="productOverview" data-csa-c-type="widget" data-csa-c-content-id="productOverview" data-csa-c-slot-id="productOverview_feature_div" data-csa-c-asin="B009ZQ5HW6" data-csa-c-is-in-initial-active-row="false" data-csa-c-id="cxru6u-snbs5h-lc3kvo-ohqglm" data-cel-widget="productOverview_feature_div" style="color: rgb(15, 17, 17); font-family: "Amazon Ember", Arial, sans-serif; font-size: 14px;"><div class="a-section a-spacing-small a-spacing-top-small" style="margin-bottom: 0px; margin-top: 8px !important;"><table class="a-normal a-spacing-micro" style="width: 440.047px; margin-bottom: 4px !important;"><tbody><tr class="a-spacing-small po-graphics_coprocessor" style="margin-bottom: 8px !important;"><td class="a-span3" style="vertical-align: top; padding: 0px 3px 3px 0px; margin-right: 0px; width: 115.203px; float: none !important;"><span class="a-size-base a-text-bold" style="font-weight: 700 !important; line-height: 20px !important;">Graphics Coprocessor</span></td><td class="a-span9" style="vertical-align: top; padding: 0px 0px 3px 3px; margin-right: 0px; width: 324.844px; float: none !important;"><span class="a-size-base" style="line-height: 20px !important;">AMD Radeon</span></td></tr><tr class="a-spacing-small po-brand" style="margin-bottom: 8px !important;"><td class="a-span3" style="vertical-align: top; padding: 3px 3px 3px 0px; margin-right: 0px; width: 115.203px; float: none !important;"><span class="a-size-base a-text-bold" style="font-weight: 700 !important; line-height: 20px !important;">Brand</span></td><td class="a-span9" style="vertical-align: top; padding: 3px 0px 3px 3px; margin-right: 0px; width: 324.844px; float: none !important;"><span class="a-size-base" style="line-height: 20px !important;">VisionTek</span></td></tr><tr class="a-spacing-small po-graphics_ram.size" style="margin-bottom: 8px !important;"><td class="a-span3" style="vertical-align: top; padding: 3px 3px 3px 0px; margin-right: 0px; width: 115.203px; float: none !important;"><span class="a-size-base a-text-bold" style="font-weight: 700 !important; line-height: 20px !important;">Graphics Ram Size</span></td><td class="a-span9" style="vertical-align: top; padding: 3px 0px 3px 3px; margin-right: 0px; width: 324.844px; float: none !important;"><span class="a-size-base" style="line-height: 20px !important;">1 GB</span></td></tr><tr class="a-spacing-small po-gpu_clock_speed" style="margin-bottom: 8px !important;"><td class="a-span3" style="vertical-align: top; padding: 3px 3px 3px 0px; margin-right: 0px; width: 115.203px; float: none !important;"><span class="a-size-base a-text-bold" style="font-weight: 700 !important; line-height: 20px !important;">GPU Clock Speed</span></td><td class="a-span9" style="vertical-align: top; padding: 3px 0px 3px 3px; margin-right: 0px; width: 324.844px; float: none !important;"><span class="a-size-base" style="line-height: 20px !important;">800 MHz</span></td></tr><tr class="a-spacing-small po-video_output_interface" style="margin-bottom: 8px !important;"><td class="a-span3" style="vertical-align: top; padding: 3px 3px 0px 0px; margin-right: 0px; width: 115.203px; float: none !important;"><span class="a-size-base a-text-bold" style="font-weight: 700 !important; line-height: 20px !important;">Video Output Interface</span></td><td class="a-span9" style="vertical-align: top; padding: 3px 0px 0px 3px; margin-right: 0px; width: 324.844px; float: none !important;"><span class="a-size-base" style="line-height: 20px !important;">Mini DisplayPort, HDMI</span></td></tr></tbody></table></div></div><div id="featurebullets_feature_div" class="celwidget" data-feature-name="featurebullets" data-csa-c-type="widget" data-csa-c-content-id="featurebullets" data-csa-c-slot-id="featurebullets_feature_div" data-csa-c-asin="B009ZQ5HW6" data-csa-c-is-in-initial-active-row="false" data-csa-c-id="c9k2gg-aadf1b-cu68q9-25iz8o" data-cel-widget="featurebullets_feature_div" style="color: rgb(15, 17, 17); font-family: "Amazon Ember", Arial, sans-serif; font-size: 14px;"><div id="feature-bullets" class="a-section a-spacing-medium a-spacing-top-small" style="margin-bottom: 0px; margin-top: 8px !important;"><hr style="box-sizing: border-box; background-color: transparent; border-top-color: rgb(231, 231, 231); height: 1px; line-height: 19px; margin-bottom: 14px; margin-top: 0px;"><h1 class="a-size-base-plus a-text-bold" style="padding: 0px 0px 4px; margin-right: 0px; margin-bottom: 0px; margin-left: 0px; text-rendering: optimizelegibility; font-weight: 700 !important; font-size: 16px !important; line-height: 24px !important;">About this item</h1><ul class="a-unordered-list a-vertical a-spacing-mini" style="margin-right: 0px; margin-bottom: 0px; margin-left: 18px; padding: 0px;"><li style="list-style: disc; overflow-wrap: break-word; margin: 0px;"><span class="a-list-item">Digital Max Resolution:3840 x 2160</span></li><li style="list-style: disc; overflow-wrap: break-word; margin: 0px;"><span class="a-list-item">GCN Architecture, PCI Express 3.0 x16 bus interface, High Speed DDR3 memory, and DirectX 11-capable graphics</span></li><li style="list-style: disc; overflow-wrap: break-word; margin: 0px;"><span class="a-list-item">9th generation programmable hardware tessellation units</span></li><li style="list-style: disc; overflow-wrap: break-word; margin: 0px;"><span class="a-list-item">300W Minimum PSU recommended- Active Adapters required for the mDP port</span></li><li style="list-style: disc; overflow-wrap: break-word; margin: 0px;"><span class="a-list-item">Windows Vista, Windows 7, Windows 8 or newer required for DDMA multi audio support. Windows XP limited to Dual Video and single audio only</span></li><li style="list-style: disc; overflow-wrap: break-word; margin: 0px;"><span class="a-list-item">PCI Express based PC is required with one X16 lane graphics slot available on the motherboard</span></li></ul></div></div>'),
	(17, 'ASUS ROG Strix LC NVIDIA GeForce RTX 3090 Ti', '/images/products/17.jpg', '/', 1600, ' <div id="productOverview_feature_div" class="celwidget" data-feature-name="productOverview" data-csa-c-type="widget" data-csa-c-content-id="productOverview" data-csa-c-slot-id="productOverview_feature_div" data-csa-c-asin="B009ZQ5HW6" data-csa-c-is-in-initial-active-row="false" data-csa-c-id="cxru6u-snbs5h-lc3kvo-ohqglm" data-cel-widget="productOverview_feature_div" style="color: rgb(15, 17, 17); font-family: "Amazon Ember", Arial, sans-serif; font-size: 14px;"><div class="a-section a-spacing-small a-spacing-top-small" style="margin-bottom: 0px; margin-top: 8px !important;"><div id="productOverview_feature_div" class="celwidget" data-feature-name="productOverview" data-csa-c-type="widget" data-csa-c-content-id="productOverview" data-csa-c-slot-id="productOverview_feature_div" data-csa-c-asin="B09WPJQN3C" data-csa-c-is-in-initial-active-row="false" data-csa-c-id="fq9rni-3e1rnh-9oh4bw-i6zyu9" data-cel-widget="productOverview_feature_div"><div class="a-section a-spacing-small a-spacing-top-small" style="margin-bottom: 0px; margin-top: 8px !important;"><table class="a-normal a-spacing-micro" style="width: 440.047px; margin-bottom: 4px !important;"><tbody><tr class="a-spacing-small po-graphics_coprocessor" style="margin-bottom: 8px !important;"><td class="a-span3" style="vertical-align: top; padding: 0px 3px 3px 0px; margin-right: 0px; width: 115.203px; float: none !important;"><span class="a-size-base a-text-bold" style="font-weight: 700 !important; line-height: 20px !important;">Graphics Coprocessor</span></td><td class="a-span9" style="vertical-align: top; padding: 0px 0px 3px 3px; margin-right: 0px; width: 324.844px; float: none !important;"><span class="a-size-base" style="line-height: 20px !important;">NVIDIA GeForce RTX 3090 Ti</span></td></tr><tr class="a-spacing-small po-brand" style="margin-bottom: 8px !important;"><td class="a-span3" style="vertical-align: top; padding: 3px 3px 3px 0px; margin-right: 0px; width: 115.203px; float: none !important;"><span class="a-size-base a-text-bold" style="font-weight: 700 !important; line-height: 20px !important;">Brand</span></td><td class="a-span9" style="vertical-align: top; padding: 3px 0px 3px 3px; margin-right: 0px; width: 324.844px; float: none !important;"><span class="a-size-base" style="line-height: 20px !important;">ASUS</span></td></tr><tr class="a-spacing-small po-graphics_ram.size" style="margin-bottom: 8px !important;"><td class="a-span3" style="vertical-align: top; padding: 3px 3px 3px 0px; margin-right: 0px; width: 115.203px; float: none !important;"><span class="a-size-base a-text-bold" style="font-weight: 700 !important; line-height: 20px !important;">Graphics Ram Size</span></td><td class="a-span9" style="vertical-align: top; padding: 3px 0px 3px 3px; margin-right: 0px; width: 324.844px; float: none !important;"><span class="a-size-base" style="line-height: 20px !important;">24 GB</span></td></tr><tr class="a-spacing-small po-gpu_clock_speed" style="margin-bottom: 8px !important;"><td class="a-span3" style="vertical-align: top; padding: 3px 3px 3px 0px; margin-right: 0px; width: 115.203px; float: none !important;"><span class="a-size-base a-text-bold" style="font-weight: 700 !important; line-height: 20px !important;">GPU Clock Speed</span></td><td class="a-span9" style="vertical-align: top; padding: 3px 0px 3px 3px; margin-right: 0px; width: 324.844px; float: none !important;"><span class="a-size-base" style="line-height: 20px !important;">1950 MHz</span></td></tr><tr class="a-spacing-small po-video_output_interface" style="margin-bottom: 8px !important;"><td class="a-span3" style="vertical-align: top; padding: 3px 3px 0px 0px; margin-right: 0px; width: 115.203px; float: none !important;"><span class="a-size-base a-text-bold" style="font-weight: 700 !important; line-height: 20px !important;">Video Output Interface</span></td><td class="a-span9" style="vertical-align: top; padding: 3px 0px 0px 3px; margin-right: 0px; width: 324.844px; float: none !important;"><span class="a-size-base" style="line-height: 20px !important;">DisplayPort, HDMI</span></td></tr></tbody></table></div></div><div id="featurebullets_feature_div" class="celwidget" data-feature-name="featurebullets" data-csa-c-type="widget" data-csa-c-content-id="featurebullets" data-csa-c-slot-id="featurebullets_feature_div" data-csa-c-asin="B09WPJQN3C" data-csa-c-is-in-initial-active-row="false" data-csa-c-id="1hlk98-2x0ot8-o0mrw4-vs9ehw" data-cel-widget="featurebullets_feature_div"><div id="feature-bullets" class="a-section a-spacing-medium a-spacing-top-small" style="margin-bottom: 0px; margin-top: 8px !important;"><hr style="box-sizing: border-box; background-color: transparent; border-top-color: rgb(231, 231, 231); height: 1px; line-height: 19px; margin-bottom: 14px; margin-top: 0px;"><h1 class="a-size-base-plus a-text-bold" style="padding: 0px 0px 4px; margin-right: 0px; margin-bottom: 0px; margin-left: 0px; text-rendering: optimizelegibility; font-weight: 700 !important; font-size: 16px !important; line-height: 24px !important;">About this item</h1><ul class="a-unordered-list a-vertical a-spacing-mini" style="margin-right: 0px; margin-bottom: 0px; margin-left: 18px; padding: 0px;"><li style="list-style: disc; overflow-wrap: break-word; margin: 0px;"><span class="a-list-item">NVIDIA Ampere Streaming Multiprocessors: The building blocks for the world’s fastest, most efficient GPU, the all-new Ampere SM brings 2X the FP32 throughput and improved power efficiency.</span></li><li style="list-style: disc; overflow-wrap: break-word; margin: 0px;"><span class="a-list-item">2nd Generation RT Cores: Experience 2X the throughput of 1st gen RT Cores, plus concurrent RT and shading for a whole new level of ray tracing performance.</span></li><li style="list-style: disc; overflow-wrap: break-word; margin: 0px;"><span class="a-list-item">3rd Generation Tensor Cores: Get up to 2X the throughput with structural sparsity and advanced AI algorithms such as DLSS. Now with support for up to 8K resolution, these cores deliver a massive boost in game performance and all-new AI capabilities.</span></li><li style="list-style: disc; overflow-wrap: break-word; margin: 0px;"><span class="a-list-item">Full-coverage cold plate brings liquid cooling to GPU die and memory.</span></li><li style="list-style: disc; overflow-wrap: break-word; margin: 0px;"><span class="a-list-item">On-board cooling for power-delivery is handled by a blower-style fan and low-profile heatsink.</span></li><li style="list-style: disc; overflow-wrap: break-word; margin: 0px;"><span class="a-list-item">240mm radiator balances compatibility and performance.</span></li><li style="list-style: disc; overflow-wrap: break-word; margin: 0px;"><span class="a-list-item">600mm tubing for compatibility with EATX chassis and alternative mounts.</span></li></ul></div></div></div></div>');

-- Dumping structure for table helloworld.subscribers
CREATE TABLE IF NOT EXISTS `subscribers` (
  `id` int(11) NOT NULL AUTO_INCREMENT,
  `email` varchar(255) COLLATE utf8mb4_unicode_ci NOT NULL,
  PRIMARY KEY (`id`)
) ENGINE=InnoDB AUTO_INCREMENT=2 DEFAULT CHARSET=utf8mb4 COLLATE=utf8mb4_unicode_ci;

-- Dumping data for table helloworld.subscribers: ~1 rows (approximately)
INSERT INTO `subscribers` (`id`, `email`) VALUES
	(1, 'tekityt@gmail.com');

-- Dumping structure for table helloworld.tags
CREATE TABLE IF NOT EXISTS `tags` (
  `id` int(11) NOT NULL AUTO_INCREMENT,
  `tag` varchar(16) COLLATE utf8mb4_unicode_ci NOT NULL,
  `posts_count` int(11) DEFAULT NULL,
  PRIMARY KEY (`id`),
  UNIQUE KEY `tag` (`tag`)
) ENGINE=InnoDB AUTO_INCREMENT=5 DEFAULT CHARSET=utf8mb4 COLLATE=utf8mb4_unicode_ci;

-- Dumping data for table helloworld.tags: ~4 rows (approximately)
INSERT INTO `tags` (`id`, `tag`, `posts_count`) VALUES
	(1, 'new tech', 4),
	(2, 'reveiw', 0),
	(3, 'test', 7),
	(4, 'twst', 7);

-- Dumping structure for table helloworld.useracc
CREATE TABLE IF NOT EXISTS `useracc` (
  `id` int(11) NOT NULL AUTO_INCREMENT,
  `login` varchar(255) COLLATE utf8mb4_unicode_ci DEFAULT NULL,
  `email` varchar(255) COLLATE utf8mb4_unicode_ci DEFAULT NULL,
  `fullName` varchar(255) COLLATE utf8mb4_unicode_ci DEFAULT NULL,
  `phone` varchar(255) COLLATE utf8mb4_unicode_ci DEFAULT NULL,
  `mobile` varchar(255) COLLATE utf8mb4_unicode_ci DEFAULT NULL,
  `address` varchar(255) COLLATE utf8mb4_unicode_ci DEFAULT NULL,
  `password` text COLLATE utf8mb4_unicode_ci,
  `job` text COLLATE utf8mb4_unicode_ci,
  `avatar` varchar(550) COLLATE utf8mb4_unicode_ci DEFAULT NULL,
  PRIMARY KEY (`id`)
) ENGINE=InnoDB AUTO_INCREMENT=4 DEFAULT CHARSET=utf8mb4 COLLATE=utf8mb4_unicode_ci;

-- Dumping data for table helloworld.useracc: ~3 rows (approximately)
INSERT INTO `useracc` (`id`, `login`, `email`, `fullName`, `phone`, `mobile`, `address`, `password`, `job`, `avatar`) VALUES
	(1, 'Ttekit', 'tekityt@gmail.com', 'Jesus', '1-240-776-2323', '1-240-776-2323', 'Heaven', 'c3160e3801345cd7b525e1cc15fd4c2ac50269778a6390675dfbbeaa0d2402b4', 'Bog Creator', '/images/avatars/1'),
	(2, 'real Jesus', 'osdugbcus@gmail.com', 'Saint Maria II', '+380996320224', '+380996320224', 'Odk', 'ea74b16d3419af75e3d7a7a95e3c5a506d941352c8f884b03a8db50d8218655d', 'Not Web Dev', NULL),
	(3, 'Fake admin', 'forttekit@gmail.com', 'Bog Admin', '+380996320224', '+380996320224', 'Main officce', '8878a7383066820cb6f7caddcd8e7bcc4df58e9b0bf69b57bb4871c744195fcf', 'Admin', '/images/avatars/3');

-- Dumping structure for table helloworld.usersoclinks
CREATE TABLE IF NOT EXISTS `usersoclinks` (
  `id` int(11) NOT NULL AUTO_INCREMENT,
  `socLink` varchar(250) COLLATE utf8mb4_unicode_ci DEFAULT NULL,
  `socName` varchar(50) COLLATE utf8mb4_unicode_ci DEFAULT NULL,
  `userId` int(11) DEFAULT NULL,
  PRIMARY KEY (`id`) USING BTREE,
  KEY `UserId` (`userId`) USING BTREE,
  CONSTRAINT `usersoclinks_ibfk_1` FOREIGN KEY (`userId`) REFERENCES `useracc` (`id`)
) ENGINE=InnoDB AUTO_INCREMENT=19 DEFAULT CHARSET=utf8mb4 COLLATE=utf8mb4_unicode_ci;

-- Dumping data for table helloworld.usersoclinks: ~3 rows (approximately)
INSERT INTO `usersoclinks` (`id`, `socLink`, `socName`, `userId`) VALUES
	(16, 'https://github.com/ttekit', 'Github', 1),
	(17, 'https://github.com/ttekit/ShopExample', 'This project', 1),
	(18, 'https://www.youtube.com/watch?v=L99UMoLvkrI', 'site', 3);

-- Dumping structure for trigger helloworld.posttags_after_insert
SET @OLDTMP_SQL_MODE=@@SQL_MODE, SQL_MODE='ONLY_FULL_GROUP_BY,STRICT_TRANS_TABLES,NO_ZERO_IN_DATE,NO_ZERO_DATE,ERROR_FOR_DIVISION_BY_ZERO,NO_AUTO_CREATE_USER,NO_ENGINE_SUBSTITUTION';
DELIMITER //
CREATE TRIGGER `posttags_after_insert` AFTER INSERT ON `posttags` FOR EACH ROW BEGIN
        UPDATE tags, posttags, blogposts SET tags.posts_count = tags.posts_count+1 WHERE
        posttags.tag_id = tags.Id AND
       blogposts.id = posttags.post_id AND
       NEW.id = posttags.Id;
END//
DELIMITER ;
SET SQL_MODE=@OLDTMP_SQL_MODE;

/*!40103 SET TIME_ZONE=IFNULL(@OLD_TIME_ZONE, 'system') */;
/*!40101 SET SQL_MODE=IFNULL(@OLD_SQL_MODE, '') */;
/*!40014 SET FOREIGN_KEY_CHECKS=IFNULL(@OLD_FOREIGN_KEY_CHECKS, 1) */;
/*!40101 SET CHARACTER_SET_CLIENT=@OLD_CHARACTER_SET_CLIENT */;
/*!40111 SET SQL_NOTES=IFNULL(@OLD_SQL_NOTES, 1) */;
